{
  "lambda_val": 0.01,
  "alpha": 10.0,
  "m0": 0.9,
  "wave_speed": 0.09515553311520533,
  "r2": 0.999999350403642,
  "dt": 0.1,
  "T": 200,
  "L": 200,
  "N": 5001,
  "init_type": "tanh",
  "t_start": 60,
  "t_end": 180,
  "saved_stride": 150
}