{
  "lambda_val": 10,
  "m0": 0.9,
  "alpha": 1,
  "wave_speed": 0.16141802478935185,
  "r2": 0.9999951239838578,
  "m_threshold": 0.45,
  "m_wave_speed": 0.16142653926611103,
  "m_r2": 0.999993883591192,
  "dt": 0.1,
  "T": 200,
  "L": 200,
  "N": 20001,
  "init_type": "tanh",
  "t_start": 100,
  "t_end": 140,
  "saved_stride": 150
}