{
  "lambda_val": 0.01,
  "m0": 0.4,
  "alpha": 0.05,
  "wave_speed": 0.32788213443585973,
  "r2": 0.9989185132165405,
  "m_threshold": 0.2,
  "m_wave_speed": null,
  "m_r2": null,
  "dt": 0.1,
  "T": 200,
  "L": 200,
  "N": 20001,
  "init_type": "tanh",
  "t_start": 100,
  "t_end": 140,
  "saved_stride": 150
}