{
  "lambda_val": 100000.0,
  "m0": 0.3,
  "alpha": 0.01,
  "wave_speed": 0.9036588949967919,
  "r2": 0.9999512792061179,
  "m_threshold": 0.15,
  "m_wave_speed": 0.8863070008686358,
  "m_r2": 0.9999561023894239,
  "dt": 0.1,
  "T": 200,
  "L": 200,
  "N": 20001,
  "init_type": "tanh",
  "t_start": 100,
  "t_end": 140,
  "saved_stride": 150
}