{
  "lambda_val": 5.0,
  "alpha": 0.01,
  "m0": 0.5,
  "wave_speed": 0.842289025318151,
  "r2": 0.9991458349356548,
  "dt": 0.1,
  "T": 200,
  "L": 200,
  "N": 5001,
  "init_type": "tanh",
  "t_start": 60,
  "t_end": 180,
  "saved_stride": 150
}