{
  "lambda_val": 100,
  "m0": 0.6,
  "alpha": 0.001,
  "wave_speed": 0.9611554840478946,
  "r2": 0.9999407844310709,
  "m_threshold": 0.3,
  "m_wave_speed": 0.9582025064527737,
  "m_r2": 0.999949377208848,
  "dt": 0.1,
  "T": 200,
  "L": 200,
  "N": 20001,
  "init_type": "tanh",
  "t_start": 100,
  "t_end": 140,
  "saved_stride": 150
}