{
  "lambda_val": 10,
  "m0": 0.8,
  "alpha": 0.001,
  "wave_speed": 0.8008200471844872,
  "r2": 0.9999944130100583,
  "m_threshold": 0.4,
  "m_wave_speed": 0.8000189578807386,
  "m_r2": 0.9999944998120063,
  "dt": 0.1,
  "T": 200,
  "L": 200,
  "N": 20001,
  "init_type": "tanh",
  "t_start": 100,
  "t_end": 140,
  "saved_stride": 150
}