{
  "lambda_val": 5,
  "m0": 0.95,
  "wave_speed": 0.607999478009296,
  "r2": 0.9999993505295923,
  "m_threshold": 0.475,
  "m_wave_speed": 0.6079994103610572,
  "m_r2": 0.9999993504383127,
  "dt": 0.1,
  "T": 200,
  "L": 200,
  "N": 20001,
  "init_type": "tanh",
  "t_start": 60,
  "t_end": 180,
  "saved_stride": 150
}