{
  "lambda_val": 100,
  "m0": 0.5,
  "alpha": 0.05,
  "wave_speed": 0.4148049802848748,
  "r2": 0.9979149862237475,
  "m_threshold": 0.25,
  "m_wave_speed": 0.39900679231854597,
  "m_r2": 0.9978140578007325,
  "dt": 0.1,
  "T": 200,
  "L": 200,
  "N": 20001,
  "init_type": "tanh",
  "t_start": 100,
  "t_end": 140,
  "saved_stride": 150
}