{
  "lambda_val": 5,
  "m0": 0,
  "alpha": 1000,
  "wave_speed": 0.04584250289122612,
  "r2": 0.9999950916637863,
  "m_threshold": 0.0,
  "m_wave_speed": null,
  "m_r2": null,
  "dt": 0.1,
  "T": 200,
  "L": 200,
  "N": 20001,
  "init_type": "tanh",
  "t_start": 100,
  "t_end": 140,
  "saved_stride": 150
}