{
  "lambda_val": 1,
  "m0": 0.95,
  "alpha": 0.001,
  "wave_speed": 0.491051355035324,
  "r2": 0.9999946064850022,
  "m_threshold": 0.475,
  "m_wave_speed": 0.49097999559864924,
  "m_r2": 0.999994607567417,
  "dt": 0.1,
  "T": 200,
  "L": 200,
  "N": 20001,
  "init_type": "tanh",
  "t_start": 100,
  "t_end": 140,
  "saved_stride": 150
}