{
  "lambda_val": 0.01,
  "alpha": 0.1,
  "m0": 0.05,
  "wave_speed": 0.26315832756485485,
  "r2": 0.98944887780712,
  "dt": 0.1,
  "T": 200,
  "L": 200,
  "N": 5001,
  "init_type": "tanh",
  "t_start": 60,
  "t_end": 180,
  "saved_stride": 150
}