{
  "lambda_val": 1000000.0,
  "m0": 0.9,
  "alpha": 0.05,
  "wave_speed": 0.3386642952593808,
  "r2": 0.9976385391549955,
  "m_threshold": 0.45,
  "m_wave_speed": 0.2983456447364556,
  "m_r2": 0.9979919131798384,
  "dt": 0.1,
  "T": 200,
  "L": 200,
  "N": 20001,
  "init_type": "tanh",
  "t_start": 100,
  "t_end": 140,
  "saved_stride": 150
}