{
  "lambda_val": 0.0001,
  "alpha": 1e-05,
  "m0": 0.1,
  "wave_speed": 0.6039191468701572,
  "r2": 0.9999944583122948,
  "dt": 0.1,
  "T": 400,
  "L": 200,
  "N": 20001,
  "init_type": "tanh",
  "steepness": 0.85,
  "perc": 0.4,
  "t_start": 100,
  "t_end": 350,
  "num_points": 250,
  "saved_stride": 150
}