{
  "lambda_val": 0.05,
  "m0": 0.7,
  "alpha": 0.001,
  "wave_speed": 0.8904904806047883,
  "r2": 0.9999676776656277,
  "m_threshold": 0.35,
  "m_wave_speed": 0.8872835973249673,
  "m_r2": 0.9999904350787098,
  "dt": 0.1,
  "T": 200,
  "L": 200,
  "N": 20001,
  "init_type": "tanh",
  "t_start": 100,
  "t_end": 140,
  "saved_stride": 150
}