{
  "lambda_val": 100,
  "m0": 0.95,
  "alpha": 0.05,
  "wave_speed": 0.2721579962783233,
  "r2": 0.998245211797903,
  "m_threshold": 0.475,
  "m_wave_speed": 0.2627486748037333,
  "m_r2": 0.9984080547818481,
  "dt": 0.1,
  "T": 200,
  "L": 200,
  "N": 20001,
  "init_type": "tanh",
  "t_start": 100,
  "t_end": 140,
  "saved_stride": 150
}