{
  "lambda_val": 1.0,
  "alpha": 10.0,
  "m0": 0.01,
  "wave_speed": 0.16836536305672567,
  "r2": 0.9999993283835302,
  "dt": 0.1,
  "T": 200,
  "L": 200,
  "N": 5001,
  "init_type": "tanh",
  "t_start": 60,
  "t_end": 180,
  "saved_stride": 150
}