{
  "lambda_val": 0.05,
  "m0": 0.6,
  "alpha": 0.001,
  "wave_speed": 0.9583215901027907,
  "r2": 0.9999582049598151,
  "m_threshold": 0.3,
  "m_wave_speed": 0.9526879220491578,
  "m_r2": 0.9999732378006841,
  "dt": 0.1,
  "T": 200,
  "L": 200,
  "N": 20001,
  "init_type": "tanh",
  "t_start": 100,
  "t_end": 140,
  "saved_stride": 150
}