{
  "lambda_val": 10,
  "m0": 0.3,
  "wave_speed": 0.9213120931177555,
  "r2": 0.9999819640411005,
  "m_threshold": 0.15,
  "m_wave_speed": 0.9203965929188236,
  "m_r2": 0.999992240121671,
  "dt": 0.1,
  "T": 200,
  "L": 200,
  "N": 20001,
  "init_type": "tanh",
  "t_start": 60,
  "t_end": 180,
  "saved_stride": 150
}