{
  "lambda_val": 10,
  "m0": 0.5,
  "wave_speed": 1.000205155769062,
  "r2": 0.999995591154635,
  "m_threshold": 0.25,
  "m_wave_speed": 0.9999037099757669,
  "m_r2": 0.9999965925709672,
  "dt": 0.1,
  "T": 200,
  "L": 200,
  "N": 20001,
  "init_type": "tanh",
  "t_start": 60,
  "t_end": 180,
  "saved_stride": 150
}