{
  "lambda_val": 0.01,
  "m0": 0.5,
  "alpha": 0.001,
  "wave_speed": 0.9923239532979176,
  "r2": 0.999890298404875,
  "m_threshold": 0.25,
  "m_wave_speed": 0.9096219689246567,
  "m_r2": 0.999990407782925,
  "dt": 0.1,
  "T": 200,
  "L": 200,
  "N": 20001,
  "init_type": "tanh",
  "t_start": 100,
  "t_end": 140,
  "saved_stride": 150
}