{
  "lambda_val": 100000.0,
  "m0": 0.99,
  "alpha": 0.01,
  "wave_speed": 0.46970890999386794,
  "r2": 0.9999356471889796,
  "m_threshold": 0.495,
  "m_wave_speed": 0.4609085932625262,
  "m_r2": 0.999932933550778,
  "dt": 0.1,
  "T": 200,
  "L": 200,
  "N": 20001,
  "init_type": "tanh",
  "t_start": 100,
  "t_end": 140,
  "saved_stride": 150
}