{
  "lambda_val": 1000000.0,
  "m0": 0.6,
  "alpha": 0.05,
  "wave_speed": 0.43753220263940873,
  "r2": 0.9980663504897781,
  "m_threshold": 0.3,
  "m_wave_speed": 0.38698519259267794,
  "m_r2": 0.9977232948823238,
  "dt": 0.1,
  "T": 200,
  "L": 200,
  "N": 20001,
  "init_type": "tanh",
  "t_start": 100,
  "t_end": 140,
  "saved_stride": 150
}