{
  "lambda_val": 10,
  "m0": 1,
  "alpha": 10,
  "wave_speed": 0.15566223324840112,
  "r2": 0.9999949391304659,
  "m_threshold": 0.5,
  "m_wave_speed": -0.144632166332216,
  "m_r2": 0.0070685206237489145,
  "dt": 0.1,
  "T": 200,
  "L": 200,
  "N": 20001,
  "init_type": "tanh",
  "t_start": 100,
  "t_end": 140,
  "saved_stride": 150
}