{
  "lambda_val": 100,
  "m0": 0.5,
  "alpha": 10,
  "wave_speed": 0.18272553527159802,
  "r2": 0.9999951401607138,
  "m_threshold": 0.25,
  "m_wave_speed": 0.1827115735526916,
  "m_r2": 0.9999936225632516,
  "dt": 0.1,
  "T": 200,
  "L": 200,
  "N": 20001,
  "init_type": "tanh",
  "t_start": 100,
  "t_end": 140,
  "saved_stride": 150
}