{
  "lambda_val": 5,
  "m0": 0.9,
  "alpha": 0.05,
  "wave_speed": 0.26260993020434054,
  "r2": 0.9981586774578063,
  "m_threshold": 0.45,
  "m_wave_speed": 0.2582798719895314,
  "m_r2": 0.9981859518089161,
  "dt": 0.1,
  "T": 200,
  "L": 200,
  "N": 20001,
  "init_type": "tanh",
  "t_start": 100,
  "t_end": 140,
  "saved_stride": 150
}