{
  "lambda_val": 100,
  "m0": 1,
  "wave_speed": 0.16271356168832316,
  "r2": 0.9999993503114295,
  "m_threshold": 0.5,
  "m_wave_speed": 0.16271269207789565,
  "m_r2": 0.9999992190033297,
  "dt": 0.1,
  "T": 200,
  "L": 200,
  "N": 20001,
  "init_type": "tanh",
  "t_start": 60,
  "t_end": 180,
  "saved_stride": 150
}