{
  "lambda_val": 0.05,
  "m0": 0.9,
  "alpha": 0.001,
  "wave_speed": 0.5754342292181954,
  "r2": 0.999984119778217,
  "m_threshold": 0.45,
  "m_wave_speed": 0.5811170161643132,
  "m_r2": 0.9999769499915767,
  "dt": 0.1,
  "T": 200,
  "L": 200,
  "N": 20001,
  "init_type": "tanh",
  "t_start": 100,
  "t_end": 140,
  "saved_stride": 150
}