{
  "lambda_val": 100000.0,
  "m0": 0.4,
  "wave_speed": 0.9756484173564584,
  "r2": 0.9999966252364065,
  "m_threshold": 0.2,
  "m_wave_speed": 0.9748083184015871,
  "m_r2": 0.9999971156254872,
  "dt": 0.1,
  "T": 200,
  "L": 200,
  "N": 20001,
  "init_type": "tanh",
  "t_start": 60,
  "t_end": 180,
  "saved_stride": 150
}