{
  "lambda_val": 0.05,
  "m0": 0.99,
  "alpha": 0.001,
  "wave_speed": 0.19397677396936344,
  "r2": 0.9999847737484167,
  "m_threshold": 0.495,
  "m_wave_speed": 0.19623458121287124,
  "m_r2": 0.999974709475821,
  "dt": 0.1,
  "T": 200,
  "L": 200,
  "N": 20001,
  "init_type": "tanh",
  "t_start": 100,
  "t_end": 140,
  "saved_stride": 150
}