{
  "lambda_val": 100000.0,
  "m0": 0.4,
  "alpha": 0.01,
  "wave_speed": 0.8689381907435861,
  "r2": 0.9999377312963512,
  "m_threshold": 0.2,
  "m_wave_speed": 0.8512097598289173,
  "m_r2": 0.9999565370790886,
  "dt": 0.1,
  "T": 200,
  "L": 200,
  "N": 20001,
  "init_type": "tanh",
  "t_start": 100,
  "t_end": 140,
  "saved_stride": 150
}