{
  "lambda_val": 10.0,
  "alpha": 1.0,
  "m0": 0.05,
  "wave_speed": 0.23517105430679763,
  "r2": 0.9999927835124806,
  "dt": 0.1,
  "T": 200,
  "L": 200,
  "N": 5001,
  "init_type": "tanh",
  "t_start": 60,
  "t_end": 180,
  "saved_stride": 150
}