{
  "lambda_val": 1,
  "m0": 0.99,
  "alpha": 0.05,
  "wave_speed": 0.16082399675022135,
  "r2": 0.9996700336596734,
  "m_threshold": 0.495,
  "m_wave_speed": 0.16101337329968216,
  "m_r2": 0.9996329348550765,
  "dt": 0.1,
  "T": 200,
  "L": 200,
  "N": 20001,
  "init_type": "tanh",
  "t_start": 100,
  "t_end": 140,
  "saved_stride": 150
}