{
  "lambda_val": 0.05,
  "m0": 0.3,
  "alpha": 0.001,
  "wave_speed": 0.9629493493290477,
  "r2": 0.9999285960541566,
  "m_threshold": 0.15,
  "m_wave_speed": 0.9270129021726404,
  "m_r2": 0.9999925616451898,
  "dt": 0.1,
  "T": 200,
  "L": 200,
  "N": 20001,
  "init_type": "tanh",
  "t_start": 100,
  "t_end": 140,
  "saved_stride": 150
}