{
  "lambda_val": 1000,
  "m0": 0.9,
  "alpha": 0.01,
  "wave_speed": 0.6398520548940554,
  "r2": 0.9999560160247857,
  "m_threshold": 0.45,
  "m_wave_speed": 0.6335871884733696,
  "m_r2": 0.9999565018101226,
  "dt": 0.1,
  "T": 200,
  "L": 200,
  "N": 20001,
  "init_type": "tanh",
  "t_start": 100,
  "t_end": 140,
  "saved_stride": 150
}