{
  "lambda_val": 1,
  "m0": 0.9,
  "wave_speed": 0.6202023827200166,
  "r2": 0.9999721026474738,
  "m_threshold": 0.45,
  "m_wave_speed": 0.6201545039015772,
  "m_r2": 0.9999726887142218,
  "dt": 0.1,
  "T": 200,
  "L": 200,
  "N": 20001,
  "init_type": "tanh",
  "t_start": 60,
  "t_end": 180,
  "saved_stride": 150
}