{
  "lambda_val": 1000000.0,
  "m0": 0.3,
  "alpha": 0.001,
  "wave_speed": 0.9548582561504763,
  "r2": 0.9999628419060897,
  "m_threshold": 0.15,
  "m_wave_speed": 0.952173374019993,
  "m_r2": 0.9999758649345611,
  "dt": 0.1,
  "T": 200,
  "L": 200,
  "N": 20001,
  "init_type": "tanh",
  "t_start": 100,
  "t_end": 140,
  "saved_stride": 150
}