{
  "lambda_val": 0.05,
  "m0": 1,
  "wave_speed": 0.07392838798024844,
  "r2": 0.9999993357826437,
  "m_threshold": 0.5,
  "m_wave_speed": 0.07392836377953736,
  "m_r2": 0.9999993509231871,
  "dt": 0.1,
  "T": 200,
  "L": 200,
  "N": 20001,
  "init_type": "tanh",
  "t_start": 60,
  "t_end": 180,
  "saved_stride": 150
}