{
  "lambda_val": 100,
  "m0": 0.6,
  "alpha": 5,
  "wave_speed": 0.1840680899244321,
  "r2": 0.9999942517771978,
  "m_threshold": 0.3,
  "m_wave_speed": 0.1840711252984884,
  "m_r2": 0.9999948715578503,
  "dt": 0.1,
  "T": 200,
  "L": 200,
  "N": 20001,
  "init_type": "tanh",
  "t_start": 100,
  "t_end": 140,
  "saved_stride": 150
}