{
  "lambda_val": 0.5,
  "alpha": 0.1,
  "m0": 0.9,
  "wave_speed": 0.16980747153124504,
  "r2": 0.9998372946111237,
  "dt": 0.1,
  "T": 200,
  "L": 200,
  "N": 5001,
  "init_type": "tanh",
  "t_start": 60,
  "t_end": 180,
  "saved_stride": 150
}