{
  "lambda_val": 0.05,
  "m0": 0.4,
  "alpha": 0.001,
  "wave_speed": 0.9929654204336538,
  "r2": 0.9998791569537695,
  "m_threshold": 0.2,
  "m_wave_speed": 0.9713005960831499,
  "m_r2": 0.9999764554741639,
  "dt": 0.1,
  "T": 200,
  "L": 200,
  "N": 20001,
  "init_type": "tanh",
  "t_start": 100,
  "t_end": 140,
  "saved_stride": 150
}