{
  "lambda_val": 1000000.0,
  "m0": 0.4,
  "wave_speed": 0.9741987212345011,
  "r2": 0.9999970479163689,
  "m_threshold": 0.2,
  "m_wave_speed": 0.9733811638092816,
  "m_r2": 0.9999971529745011,
  "dt": 0.1,
  "T": 200,
  "L": 200,
  "N": 20001,
  "init_type": "tanh",
  "t_start": 60,
  "t_end": 180,
  "saved_stride": 150
}