{
  "lambda_val": 5.0,
  "alpha": 0.5,
  "m0": 0.9,
  "wave_speed": 0.22272114283133423,
  "r2": 0.9999971958500726,
  "dt": 0.1,
  "T": 200,
  "L": 200,
  "N": 5001,
  "init_type": "tanh",
  "t_start": 60,
  "t_end": 180,
  "saved_stride": 150
}