{
  "lambda_val": 5.0,
  "alpha": 10.0,
  "m0": 0.2,
  "wave_speed": 0.2240964215096925,
  "r2": 0.9999982258006272,
  "dt": 0.1,
  "T": 200,
  "L": 200,
  "N": 5001,
  "init_type": "tanh",
  "t_start": 60,
  "t_end": 180,
  "saved_stride": 150
}