{
  "lambda_val": 5.0,
  "alpha": 0.1,
  "m0": 1.0,
  "wave_speed": 0.21863440167212256,
  "r2": 0.9999988939321115,
  "dt": 0.1,
  "T": 200,
  "L": 200,
  "N": 5001,
  "init_type": "tanh",
  "t_start": 60,
  "t_end": 180,
  "saved_stride": 150
}