{
  "lambda_val": 1000,
  "m0": 0.95,
  "wave_speed": 0.6756649269883387,
  "r2": 0.99999866093635,
  "m_threshold": 0.475,
  "m_wave_speed": 0.6755389458494652,
  "m_r2": 0.9999991689376911,
  "dt": 0.1,
  "T": 200,
  "L": 200,
  "N": 20001,
  "init_type": "tanh",
  "t_start": 60,
  "t_end": 180,
  "saved_stride": 150
}