{
  "lambda_val": 1000,
  "m0": 0.99,
  "alpha": 0.001,
  "wave_speed": 0.5387370603696189,
  "r2": 0.9999951982445139,
  "m_threshold": 0.495,
  "m_wave_speed": 0.5381921756985102,
  "m_r2": 0.9999951980249433,
  "dt": 0.1,
  "T": 200,
  "L": 200,
  "N": 20001,
  "init_type": "tanh",
  "t_start": 100,
  "t_end": 140,
  "saved_stride": 150
}