{
  "lambda_val": 100,
  "m0": 0.7,
  "alpha": 0.05,
  "wave_speed": 0.3777222798676137,
  "r2": 0.9976791856093368,
  "m_threshold": 0.35,
  "m_wave_speed": 0.362061049308196,
  "m_r2": 0.9976389853539332,
  "dt": 0.1,
  "T": 200,
  "L": 200,
  "N": 20001,
  "init_type": "tanh",
  "t_start": 100,
  "t_end": 140,
  "saved_stride": 150
}