{
  "lambda_val": 1000.0,
  "alpha": 0.001,
  "m0": 0.01,
  "wave_speed": 0.6694954797347011,
  "r2": 0.9987988294157283,
  "dt": 0.1,
  "T": 400,
  "L": 200,
  "N": 20001,
  "init_type": "tanh",
  "steepness": 0.85,
  "perc": 0.4,
  "t_start": 100,
  "t_end": 350,
  "num_points": 250,
  "saved_stride": 150
}