{
  "lambda_val": 10,
  "m0": 0.9,
  "alpha": 0.01,
  "wave_speed": 0.5939864294279382,
  "r2": 0.9999444231418408,
  "m_threshold": 0.45,
  "m_wave_speed": 0.5915986023228358,
  "m_r2": 0.999944965753676,
  "dt": 0.1,
  "T": 200,
  "L": 200,
  "N": 20001,
  "init_type": "tanh",
  "t_start": 100,
  "t_end": 140,
  "saved_stride": 150
}