{
  "lambda_val": 0.001,
  "alpha": 10.0,
  "m0": 0.3,
  "wave_speed": 0.1447432468621223,
  "r2": 0.9999993504060751,
  "dt": 0.1,
  "T": 200,
  "L": 200,
  "N": 5001,
  "init_type": "tanh",
  "t_start": 60,
  "t_end": 180,
  "saved_stride": 150
}