{
  "lambda_val": 100000.0,
  "m0": 0.3,
  "alpha": 0.05,
  "wave_speed": 0.4708912599934302,
  "r2": 0.9983463771396105,
  "m_threshold": 0.15,
  "m_wave_speed": 0.4297198589456363,
  "m_r2": 0.9980033887237996,
  "dt": 0.1,
  "T": 200,
  "L": 200,
  "N": 20001,
  "init_type": "tanh",
  "t_start": 100,
  "t_end": 140,
  "saved_stride": 150
}