{
  "lambda_val": 100,
  "m0": 0.8,
  "alpha": 0.05,
  "wave_speed": 0.3498040987938475,
  "r2": 0.9976175560417742,
  "m_threshold": 0.4,
  "m_wave_speed": 0.3351896874496813,
  "m_r2": 0.9976752514825854,
  "dt": 0.1,
  "T": 200,
  "L": 200,
  "N": 20001,
  "init_type": "tanh",
  "t_start": 100,
  "t_end": 140,
  "saved_stride": 150
}