{
  "lambda_val": 100000000.0,
  "alpha": 0.13,
  "m0": 0.1,
  "wave_speed": 0.17489399662878125,
  "r2": 0.9997357894842276,
  "dt": 0.1,
  "T": 400,
  "L": 200,
  "N": 20001,
  "init_type": "tanh",
  "steepness": 0.85,
  "perc": 0.4,
  "t_start": 100,
  "t_end": 350,
  "num_points": 250,
  "saved_stride": 150
}