{
  "lambda_val": 100000.0,
  "m0": 0.8,
  "wave_speed": 0.8389034502776583,
  "r2": 0.9999983810583646,
  "m_threshold": 0.4,
  "m_wave_speed": 0.8387181752858679,
  "m_r2": 0.9999982440023293,
  "dt": 0.1,
  "T": 200,
  "L": 200,
  "N": 20001,
  "init_type": "tanh",
  "t_start": 60,
  "t_end": 180,
  "saved_stride": 150
}