{
  "lambda_val": 0.001,
  "alpha": 1.0,
  "m0": 0.6,
  "wave_speed": 0.15470150130606733,
  "r2": 0.9999993107808696,
  "dt": 0.1,
  "T": 200,
  "L": 200,
  "N": 5001,
  "init_type": "tanh",
  "t_start": 60,
  "t_end": 180,
  "saved_stride": 150
}