{
  "lambda_val": 1,
  "m0": 0.99,
  "alpha": 0.001,
  "wave_speed": 0.3549818141337653,
  "r2": 0.9999950386510761,
  "m_threshold": 0.495,
  "m_wave_speed": 0.3549621210234166,
  "m_r2": 0.9999950388689421,
  "dt": 0.1,
  "T": 200,
  "L": 200,
  "N": 20001,
  "init_type": "tanh",
  "t_start": 100,
  "t_end": 140,
  "saved_stride": 150
}