{
  "lambda_val": 1000000.0,
  "m0": 0.99,
  "alpha": 0.01,
  "wave_speed": 0.4714245680577438,
  "r2": 0.9999361947609984,
  "m_threshold": 0.495,
  "m_wave_speed": 0.4609133841826387,
  "m_r2": 0.9999329340839604,
  "dt": 0.1,
  "T": 200,
  "L": 200,
  "N": 20001,
  "init_type": "tanh",
  "t_start": 100,
  "t_end": 140,
  "saved_stride": 150
}