{
  "lambda_val": 100,
  "m0": 0.9,
  "alpha": 0.01,
  "wave_speed": 0.6334124890054397,
  "r2": 0.9999548712449434,
  "m_threshold": 0.45,
  "m_wave_speed": 0.6290552284852422,
  "m_r2": 0.9999553164531967,
  "dt": 0.1,
  "T": 200,
  "L": 200,
  "N": 20001,
  "init_type": "tanh",
  "t_start": 100,
  "t_end": 140,
  "saved_stride": 150
}