{
  "lambda_val": 5,
  "m0": 0.9,
  "alpha": 1,
  "wave_speed": 0.15357665925887556,
  "r2": 0.9999949319262345,
  "m_threshold": 0.45,
  "m_wave_speed": 0.15356236949559057,
  "m_r2": 0.9999935850207431,
  "dt": 0.1,
  "T": 200,
  "L": 200,
  "N": 20001,
  "init_type": "tanh",
  "t_start": 100,
  "t_end": 140,
  "saved_stride": 150
}