{
  "lambda_val": 5,
  "m0": 0.5,
  "wave_speed": 1.0002638713227463,
  "r2": 0.9999963715388221,
  "m_threshold": 0.25,
  "m_wave_speed": 1.0001599388287408,
  "m_r2": 0.9999964818729344,
  "dt": 0.1,
  "T": 200,
  "L": 200,
  "N": 20001,
  "init_type": "tanh",
  "t_start": 60,
  "t_end": 180,
  "saved_stride": 150
}