{
  "lambda_val": 100,
  "m0": 0.99,
  "alpha": 10,
  "wave_speed": 0.18272236692148178,
  "r2": 0.9999943527526246,
  "m_threshold": 0.495,
  "m_wave_speed": 0.18269514418050012,
  "m_r2": 0.999995258307402,
  "dt": 0.1,
  "T": 200,
  "L": 200,
  "N": 20001,
  "init_type": "tanh",
  "t_start": 100,
  "t_end": 140,
  "saved_stride": 150
}