{
  "lambda_val": 1.0,
  "alpha": 0.1,
  "m0": 0.05,
  "wave_speed": 0.2681172409716269,
  "r2": 0.9890496443984633,
  "dt": 0.1,
  "T": 200,
  "L": 200,
  "N": 5001,
  "init_type": "tanh",
  "t_start": 60,
  "t_end": 180,
  "saved_stride": 150
}