{
  "lambda_val": 0.1,
  "alpha": 0.5,
  "m0": 0.05,
  "wave_speed": 0.1438947844101357,
  "r2": 0.996259963339283,
  "dt": 0.1,
  "T": 200,
  "L": 200,
  "N": 5001,
  "init_type": "tanh",
  "t_start": 60,
  "t_end": 180,
  "saved_stride": 150
}