{
  "lambda_val": 5,
  "m0": 0.5,
  "alpha": 0.001,
  "wave_speed": 0.9923046999488867,
  "r2": 0.9999369589727523,
  "m_threshold": 0.25,
  "m_wave_speed": 0.989935648556665,
  "m_r2": 0.9999825970707374,
  "dt": 0.1,
  "T": 200,
  "L": 200,
  "N": 20001,
  "init_type": "tanh",
  "t_start": 100,
  "t_end": 140,
  "saved_stride": 150
}