{
  "lambda_val": 0.01,
  "m0": 1,
  "wave_speed": 0.03999672260447193,
  "r2": 0.9999993094164814,
  "m_threshold": 0.5,
  "m_wave_speed": 0.18967853188920256,
  "m_r2": 0.722459658587588,
  "dt": 0.1,
  "T": 200,
  "L": 200,
  "N": 20001,
  "init_type": "tanh",
  "t_start": 60,
  "t_end": 180,
  "saved_stride": 150
}