{
  "lambda_val": 100000.0,
  "m0": 0.7,
  "alpha": 0.01,
  "wave_speed": 0.7505339450924196,
  "r2": 0.9999375401792756,
  "m_threshold": 0.35,
  "m_wave_speed": 0.7376709378171009,
  "m_r2": 0.9999520690111022,
  "dt": 0.1,
  "T": 200,
  "L": 200,
  "N": 20001,
  "init_type": "tanh",
  "t_start": 100,
  "t_end": 140,
  "saved_stride": 150
}