{
  "lambda_val": 5,
  "m0": 0.4,
  "alpha": 1,
  "wave_speed": 0.15565925557541066,
  "r2": 0.9999955118455551,
  "m_threshold": 0.2,
  "m_wave_speed": 0.15579262521154022,
  "m_r2": 0.999995068207477,
  "dt": 0.1,
  "T": 200,
  "L": 200,
  "N": 20001,
  "init_type": "tanh",
  "t_start": 100,
  "t_end": 140,
  "saved_stride": 150
}