{
  "lambda_val": 5,
  "m0": 0.4,
  "wave_speed": 0.9810749021926258,
  "r2": 0.999995276641408,
  "m_threshold": 0.2,
  "m_wave_speed": 0.9810456046508409,
  "m_r2": 0.9999944536883701,
  "dt": 0.1,
  "T": 200,
  "L": 200,
  "N": 20001,
  "init_type": "tanh",
  "t_start": 60,
  "t_end": 180,
  "saved_stride": 150
}