{
  "lambda_val": 1000,
  "m0": 0.5,
  "alpha": 100,
  "wave_speed": 0.19031321393623174,
  "r2": 0.9999952047270878,
  "m_threshold": 0.25,
  "m_wave_speed": 0.19033773314390337,
  "m_r2": 0.9999947589051453,
  "dt": 0.1,
  "T": 200,
  "L": 200,
  "N": 20001,
  "init_type": "tanh",
  "t_start": 100,
  "t_end": 140,
  "saved_stride": 150
}