{
  "lambda_val": 10,
  "m0": 0.5,
  "alpha": 1,
  "wave_speed": 0.16192854800307432,
  "r2": 0.999994813874985,
  "m_threshold": 0.25,
  "m_wave_speed": 0.1619170721467342,
  "m_r2": 0.9999945574561525,
  "dt": 0.1,
  "T": 200,
  "L": 200,
  "N": 20001,
  "init_type": "tanh",
  "t_start": 100,
  "t_end": 140,
  "saved_stride": 150
}