{
  "lambda_val": 0.05,
  "m0": 0.9,
  "wave_speed": 0.6056559722622745,
  "r2": 0.9999515408355839,
  "m_threshold": 0.45,
  "m_wave_speed": 0.6114312144761247,
  "m_r2": 0.999833074700746,
  "dt": 0.1,
  "T": 200,
  "L": 200,
  "N": 20001,
  "init_type": "tanh",
  "t_start": 60,
  "t_end": 180,
  "saved_stride": 150
}