{
  "lambda_val": 0.01,
  "m0": 1,
  "alpha": 0.001,
  "wave_speed": 0.039961247392189245,
  "r2": 0.9999946716125131,
  "m_threshold": 0.5,
  "m_wave_speed": 0.1382039736259325,
  "m_r2": 0.6803598465196892,
  "dt": 0.1,
  "T": 200,
  "L": 200,
  "N": 20001,
  "init_type": "tanh",
  "t_start": 100,
  "t_end": 140,
  "saved_stride": 150
}