{
  "lambda_val": 1000,
  "m0": 0.9,
  "alpha": 0.001,
  "wave_speed": 0.7324304979458821,
  "r2": 0.9999951641239722,
  "m_threshold": 0.45,
  "m_wave_speed": 0.7315406094174408,
  "m_r2": 0.9999951655669773,
  "dt": 0.1,
  "T": 200,
  "L": 200,
  "N": 20001,
  "init_type": "tanh",
  "t_start": 100,
  "t_end": 140,
  "saved_stride": 150
}