{
  "lambda_val": 0.001,
  "m0": 0.1,
  "alpha": 5,
  "wave_speed": 0.11067489408462688,
  "r2": 0.999994982714329,
  "m_threshold": 0.05,
  "m_wave_speed": null,
  "m_r2": null,
  "dt": 0.1,
  "T": 200,
  "L": 200,
  "N": 20001,
  "init_type": "tanh",
  "t_start": 100,
  "t_end": 140,
  "saved_stride": 150
}