{
  "lambda_val": 0.01,
  "alpha": 0.5,
  "m0": 0.3,
  "wave_speed": 0.15091850209879734,
  "r2": 0.9988045009296603,
  "dt": 0.1,
  "T": 200,
  "L": 200,
  "N": 5001,
  "init_type": "tanh",
  "t_start": 60,
  "t_end": 180,
  "saved_stride": 150
}