{
  "lambda_val": 100,
  "m0": 1,
  "alpha": 0.05,
  "wave_speed": 0.1655952759479278,
  "r2": 0.999995106975017,
  "m_threshold": 0.5,
  "m_wave_speed": 0.16559574019151113,
  "m_r2": 0.9999939719080266,
  "dt": 0.1,
  "T": 200,
  "L": 200,
  "N": 20001,
  "init_type": "tanh",
  "t_start": 100,
  "t_end": 140,
  "saved_stride": 150
}