{
  "lambda_val": 10,
  "m0": 0.95,
  "alpha": 0.01,
  "wave_speed": 0.5373576350296685,
  "r2": 0.9999460543781805,
  "m_threshold": 0.475,
  "m_wave_speed": 0.5353029577643328,
  "m_r2": 0.999946198665399,
  "dt": 0.1,
  "T": 200,
  "L": 200,
  "N": 20001,
  "init_type": "tanh",
  "t_start": 100,
  "t_end": 140,
  "saved_stride": 150
}