{
  "lambda_val": 0.01,
  "alpha": 0.01,
  "m0": 0.6,
  "wave_speed": 0.7559138951853476,
  "r2": 0.9983715779467399,
  "dt": 0.1,
  "T": 200,
  "L": 200,
  "N": 5001,
  "init_type": "tanh",
  "t_start": 60,
  "t_end": 180,
  "saved_stride": 150
}