{
  "lambda_val": 1000,
  "m0": 1,
  "alpha": 100,
  "wave_speed": 0.1903299650305365,
  "r2": 0.9999951378914488,
  "m_threshold": 0.5,
  "m_wave_speed": 0.1903136962552169,
  "m_r2": 0.999995133759875,
  "dt": 0.1,
  "T": 200,
  "L": 200,
  "N": 20001,
  "init_type": "tanh",
  "t_start": 100,
  "t_end": 140,
  "saved_stride": 150
}