{
  "lambda_val": 10,
  "m0": 0.3,
  "alpha": 1,
  "wave_speed": 0.16142080364884742,
  "r2": 0.9999952434851813,
  "m_threshold": 0.15,
  "m_wave_speed": 0.16143215149325923,
  "m_r2": 0.9999939902857193,
  "dt": 0.1,
  "T": 200,
  "L": 200,
  "N": 20001,
  "init_type": "tanh",
  "t_start": 100,
  "t_end": 140,
  "saved_stride": 150
}