{
  "lambda_val": 1,
  "m0": 0.3,
  "alpha": 0.05,
  "wave_speed": 0.34755715920628577,
  "r2": 0.9987428329292349,
  "m_threshold": 0.15,
  "m_wave_speed": 0.35237466078989615,
  "m_r2": 0.9986976410460333,
  "dt": 0.1,
  "T": 200,
  "L": 200,
  "N": 20001,
  "init_type": "tanh",
  "t_start": 100,
  "t_end": 140,
  "saved_stride": 150
}