{
  "lambda_val": 100,
  "m0": 0.4,
  "wave_speed": 0.9797718644191261,
  "r2": 0.9999949026916095,
  "m_threshold": 0.2,
  "m_wave_speed": 0.9794354741971517,
  "m_r2": 0.9999950194776889,
  "dt": 0.1,
  "T": 200,
  "L": 200,
  "N": 20001,
  "init_type": "tanh",
  "t_start": 60,
  "t_end": 180,
  "saved_stride": 150
}