{
  "lambda_val": 1000000.0,
  "m0": 1,
  "alpha": 100000.0,
  "wave_speed": 0.19157205954498682,
  "r2": 0.9999948708417291,
  "m_threshold": 0.5,
  "m_wave_speed": 0.19155174443420583,
  "m_r2": 0.9999951300099035,
  "dt": 0.1,
  "T": 200,
  "L": 200,
  "N": 20001,
  "init_type": "tanh",
  "t_start": 100,
  "t_end": 140,
  "saved_stride": 150
}