{
  "lambda_val": 100000.0,
  "m0": 1,
  "wave_speed": 0.16416535365274157,
  "r2": 0.9999993468640421,
  "m_threshold": 0.5,
  "m_wave_speed": 0.1641665497618981,
  "m_r2": 0.9999992013190424,
  "dt": 0.1,
  "T": 200,
  "L": 200,
  "N": 20001,
  "init_type": "tanh",
  "t_start": 60,
  "t_end": 180,
  "saved_stride": 150
}