{
  "lambda_val": 5,
  "m0": 0.8,
  "alpha": 1,
  "wave_speed": 0.15355539789321918,
  "r2": 0.9999953073887393,
  "m_threshold": 0.4,
  "m_wave_speed": 0.1535630104226078,
  "m_r2": 0.9999935648809576,
  "dt": 0.1,
  "T": 200,
  "L": 200,
  "N": 20001,
  "init_type": "tanh",
  "t_start": 100,
  "t_end": 140,
  "saved_stride": 150
}