{
  "lambda_val": 1000,
  "m0": 0.6,
  "alpha": 0.001,
  "wave_speed": 0.9608879009065562,
  "r2": 0.999951976852468,
  "m_threshold": 0.3,
  "m_wave_speed": 0.9566323020199153,
  "m_r2": 0.9999833400916212,
  "dt": 0.1,
  "T": 200,
  "L": 200,
  "N": 20001,
  "init_type": "tanh",
  "t_start": 100,
  "t_end": 140,
  "saved_stride": 150
}