{
  "lambda_val": 0.01,
  "alpha": 1.0,
  "m0": 0.8,
  "wave_speed": 0.12647452757882913,
  "r2": 0.9999993691616156,
  "dt": 0.1,
  "T": 200,
  "L": 200,
  "N": 5001,
  "init_type": "tanh",
  "t_start": 60,
  "t_end": 180,
  "saved_stride": 150
}