{
  "lambda_val": 10,
  "m0": 0.3,
  "alpha": 0.001,
  "wave_speed": 0.962739962635846,
  "r2": 0.9999236712456658,
  "m_threshold": 0.15,
  "m_wave_speed": 0.9599999601000632,
  "m_r2": 0.9999364964278885,
  "dt": 0.1,
  "T": 200,
  "L": 200,
  "N": 20001,
  "init_type": "tanh",
  "t_start": 100,
  "t_end": 140,
  "saved_stride": 150
}