{
  "lambda_val": 100,
  "m0": 0.8,
  "wave_speed": 0.8378374075179458,
  "r2": 0.9999970532748451,
  "m_threshold": 0.4,
  "m_wave_speed": 0.8374612915586754,
  "m_r2": 0.9999979874446999,
  "dt": 0.1,
  "T": 200,
  "L": 200,
  "N": 20001,
  "init_type": "tanh",
  "t_start": 60,
  "t_end": 180,
  "saved_stride": 150
}