{
  "lambda_val": 0.05,
  "m0": 0.95,
  "wave_speed": 0.4409886285582442,
  "r2": 0.9999345029592701,
  "m_threshold": 0.475,
  "m_wave_speed": 0.4462226422184399,
  "m_r2": 0.9997332869749737,
  "dt": 0.1,
  "T": 200,
  "L": 200,
  "N": 20001,
  "init_type": "tanh",
  "t_start": 60,
  "t_end": 180,
  "saved_stride": 150
}