{
  "lambda_val": 1000000.0,
  "m0": 0.99,
  "alpha": 0.001,
  "wave_speed": 0.5398024668268696,
  "r2": 0.9999951989492115,
  "m_threshold": 0.495,
  "m_wave_speed": 0.5387470429447844,
  "m_r2": 0.9999951984563268,
  "dt": 0.1,
  "T": 200,
  "L": 200,
  "N": 20001,
  "init_type": "tanh",
  "t_start": 100,
  "t_end": 140,
  "saved_stride": 150
}