{
  "lambda_val": 100,
  "m0": 0.9,
  "alpha": 5,
  "wave_speed": 0.18406717997093447,
  "r2": 0.9999943966227547,
  "m_threshold": 0.45,
  "m_wave_speed": 0.18405923499154292,
  "m_r2": 0.9999948259657239,
  "dt": 0.1,
  "T": 200,
  "L": 200,
  "N": 20001,
  "init_type": "tanh",
  "t_start": 100,
  "t_end": 140,
  "saved_stride": 150
}