{
  "lambda_val": 10.0,
  "alpha": 5.0,
  "m0": 0.5,
  "wave_speed": 0.15977370404486538,
  "r2": 0.999999616541931,
  "dt": 0.1,
  "T": 400,
  "L": 200,
  "N": 20001,
  "init_type": "tanh",
  "steepness": 0.85,
  "perc": 0.4,
  "t_start": 100,
  "t_end": 350,
  "num_points": 250,
  "saved_stride": 150
}