{
  "lambda_val": 5.0,
  "alpha": 5.0,
  "m0": 0.2,
  "wave_speed": 0.2256326694809687,
  "r2": 0.9999989540447951,
  "dt": 0.1,
  "T": 200,
  "L": 200,
  "N": 5001,
  "init_type": "tanh",
  "t_start": 60,
  "t_end": 180,
  "saved_stride": 150
}