{
  "lambda_val": 5,
  "m0": 0.95,
  "alpha": 1,
  "wave_speed": 0.1535684114970818,
  "r2": 0.9999945806240177,
  "m_threshold": 0.475,
  "m_wave_speed": 0.15356192110329334,
  "m_r2": 0.9999933416555707,
  "dt": 0.1,
  "T": 200,
  "L": 200,
  "N": 20001,
  "init_type": "tanh",
  "t_start": 100,
  "t_end": 140,
  "saved_stride": 150
}