{
  "lambda_val": 1000000.0,
  "m0": 0.8,
  "alpha": 100000.0,
  "wave_speed": 0.19155570451211132,
  "r2": 0.9999950958742646,
  "m_threshold": 0.4,
  "m_wave_speed": 0.19157808216268388,
  "m_r2": 0.9999948396101003,
  "dt": 0.1,
  "T": 200,
  "L": 200,
  "N": 20001,
  "init_type": "tanh",
  "t_start": 100,
  "t_end": 140,
  "saved_stride": 150
}