{
  "lambda_val": 1000000.0,
  "m0": 0.9,
  "wave_speed": 0.7455545499867247,
  "r2": 0.9999990796068092,
  "m_threshold": 0.45,
  "m_wave_speed": 0.7454936060096872,
  "m_r2": 0.9999987022467502,
  "dt": 0.1,
  "T": 200,
  "L": 200,
  "N": 20001,
  "init_type": "tanh",
  "t_start": 60,
  "t_end": 180,
  "saved_stride": 150
}