{
  "lambda_val": 100,
  "m0": 0.8,
  "alpha": 5,
  "wave_speed": 0.1840656154491957,
  "r2": 0.9999944016648906,
  "m_threshold": 0.4,
  "m_wave_speed": 0.18406828538845457,
  "m_r2": 0.999994775957158,
  "dt": 0.1,
  "T": 200,
  "L": 200,
  "N": 20001,
  "init_type": "tanh",
  "t_start": 100,
  "t_end": 140,
  "saved_stride": 150
}