{
  "lambda_val": 100,
  "m0": 0.4,
  "alpha": 0.05,
  "wave_speed": 0.4283127075690471,
  "r2": 0.9980245899888082,
  "m_threshold": 0.2,
  "m_wave_speed": 0.41283960152582333,
  "m_r2": 0.99790427031899,
  "dt": 0.1,
  "T": 200,
  "L": 200,
  "N": 20001,
  "init_type": "tanh",
  "t_start": 100,
  "t_end": 140,
  "saved_stride": 150
}