{
  "lambda_val": 1000,
  "m0": 0.05,
  "wave_speed": 0.4378889297204615,
  "r2": 0.999966474073736,
  "m_threshold": 0.025,
  "m_wave_speed": null,
  "m_r2": null,
  "dt": 0.1,
  "T": 200,
  "L": 200,
  "N": 20001,
  "init_type": "tanh",
  "t_start": 60,
  "t_end": 180,
  "saved_stride": 150
}