{
  "lambda_val": 5,
  "m0": 0.9,
  "alpha": 0.001,
  "wave_speed": 0.6747942426906213,
  "r2": 0.9999949381543611,
  "m_threshold": 0.45,
  "m_wave_speed": 0.6744622520888138,
  "m_r2": 0.9999949399175436,
  "dt": 0.1,
  "T": 200,
  "L": 200,
  "N": 20001,
  "init_type": "tanh",
  "t_start": 100,
  "t_end": 140,
  "saved_stride": 150
}