{
  "lambda_val": 5.0,
  "alpha": 0.1,
  "m0": 0.99,
  "wave_speed": 0.22005069713788497,
  "r2": 0.9999666674234531,
  "dt": 0.1,
  "T": 200,
  "L": 200,
  "N": 5001,
  "init_type": "tanh",
  "t_start": 60,
  "t_end": 180,
  "saved_stride": 150
}