{
  "lambda_val": 10,
  "m0": 0.3,
  "alpha": 0.05,
  "wave_speed": 0.3966318871773286,
  "r2": 0.9980523117097124,
  "m_threshold": 0.15,
  "m_wave_speed": 0.391398023421027,
  "m_r2": 0.9980245581994974,
  "dt": 0.1,
  "T": 200,
  "L": 200,
  "N": 20001,
  "init_type": "tanh",
  "t_start": 100,
  "t_end": 140,
  "saved_stride": 150
}