{
  "lambda_val": 1000000.0,
  "m0": 0.99,
  "alpha": 0.05,
  "wave_speed": 0.23300683070530928,
  "r2": 0.9989761460090414,
  "m_threshold": 0.495,
  "m_wave_speed": 0.2153767164853054,
  "m_r2": 0.9992883841955846,
  "dt": 0.1,
  "T": 200,
  "L": 200,
  "N": 20001,
  "init_type": "tanh",
  "t_start": 100,
  "t_end": 140,
  "saved_stride": 150
}