{
  "lambda_val": 10,
  "m0": 0.9,
  "alpha": 0.05,
  "wave_speed": 0.2789270240331313,
  "r2": 0.998061441135471,
  "m_threshold": 0.45,
  "m_wave_speed": 0.2733669471584258,
  "m_r2": 0.9980575968404841,
  "dt": 0.1,
  "T": 200,
  "L": 200,
  "N": 20001,
  "init_type": "tanh",
  "t_start": 100,
  "t_end": 140,
  "saved_stride": 150
}