{
  "lambda_val": 0.05,
  "m0": 0.5,
  "alpha": 0.01,
  "wave_speed": 0.7728982108337586,
  "r2": 0.9998097799040798,
  "m_threshold": 0.25,
  "m_wave_speed": 0.8108826793882719,
  "m_r2": 0.9998560282380959,
  "dt": 0.1,
  "T": 200,
  "L": 200,
  "N": 20001,
  "init_type": "tanh",
  "t_start": 100,
  "t_end": 140,
  "saved_stride": 150
}