{
  "lambda_val": 0.01,
  "alpha": 0.01,
  "m0": 0.9,
  "wave_speed": 0.39209413383371894,
  "r2": 0.9951162866760401,
  "dt": 0.1,
  "T": 200,
  "L": 200,
  "N": 5001,
  "init_type": "tanh",
  "t_start": 60,
  "t_end": 180,
  "saved_stride": 150
}