{
  "lambda_val": 1000,
  "m0": 0.7,
  "alpha": 0.05,
  "wave_speed": 0.3900438013856196,
  "r2": 0.9977186482632291,
  "m_threshold": 0.35,
  "m_wave_speed": 0.3658429830575727,
  "m_r2": 0.9976504355908756,
  "dt": 0.1,
  "T": 200,
  "L": 200,
  "N": 20001,
  "init_type": "tanh",
  "t_start": 100,
  "t_end": 140,
  "saved_stride": 150
}