{
  "lambda_val": 10,
  "m0": 0.9,
  "alpha": 5,
  "wave_speed": 0.15939851626951218,
  "r2": 0.9999955274531553,
  "m_threshold": 0.45,
  "m_wave_speed": 0.1594147295509959,
  "m_r2": 0.9999932327340886,
  "dt": 0.1,
  "T": 200,
  "L": 200,
  "N": 20001,
  "init_type": "tanh",
  "t_start": 100,
  "t_end": 140,
  "saved_stride": 150
}