{
  "lambda_val": 5.0,
  "alpha": 0.1,
  "m0": 0.6,
  "wave_speed": 0.2399010113080057,
  "r2": 0.9961400979110786,
  "dt": 0.1,
  "T": 200,
  "L": 200,
  "N": 5001,
  "init_type": "tanh",
  "t_start": 60,
  "t_end": 180,
  "saved_stride": 150
}