{
  "lambda_val": 1000,
  "m0": 0.99,
  "alpha": 0.05,
  "wave_speed": 0.2232133079022036,
  "r2": 0.9991454645664213,
  "m_threshold": 0.495,
  "m_wave_speed": 0.21513037845469715,
  "m_r2": 0.9992893722160029,
  "dt": 0.1,
  "T": 200,
  "L": 200,
  "N": 20001,
  "init_type": "tanh",
  "t_start": 100,
  "t_end": 140,
  "saved_stride": 150
}