{
  "lambda_val": 1000000.0,
  "m0": 0.3,
  "alpha": 0.05,
  "wave_speed": 0.47953012930818356,
  "r2": 0.9984133416743327,
  "m_threshold": 0.15,
  "m_wave_speed": 0.4297243912522806,
  "m_r2": 0.9980033991228838,
  "dt": 0.1,
  "T": 200,
  "L": 200,
  "N": 20001,
  "init_type": "tanh",
  "t_start": 100,
  "t_end": 140,
  "saved_stride": 150
}