{
  "lambda_val": 100,
  "m0": 0.8,
  "alpha": 0.01,
  "wave_speed": 0.6957309051156324,
  "r2": 0.9999479773819887,
  "m_threshold": 0.4,
  "m_wave_speed": 0.6904746606438769,
  "m_r2": 0.9999494449246763,
  "dt": 0.1,
  "T": 200,
  "L": 200,
  "N": 20001,
  "init_type": "tanh",
  "t_start": 100,
  "t_end": 140,
  "saved_stride": 150
}