{
  "lambda_val": 1000,
  "m0": 0.4,
  "alpha": 0.05,
  "wave_speed": 0.44147764946370577,
  "r2": 0.9981035369670813,
  "m_threshold": 0.2,
  "m_wave_speed": 0.4170905020473917,
  "m_r2": 0.9979051172265546,
  "dt": 0.1,
  "T": 200,
  "L": 200,
  "N": 20001,
  "init_type": "tanh",
  "t_start": 100,
  "t_end": 140,
  "saved_stride": 150
}