{
  "lambda_val": 0.05,
  "m0": 0.99,
  "alpha": 0.01,
  "wave_speed": 0.13703335885778906,
  "r2": 0.9997967948148452,
  "m_threshold": 0.495,
  "m_wave_speed": 0.14369902957893274,
  "m_r2": 0.9997015910845389,
  "dt": 0.1,
  "T": 200,
  "L": 200,
  "N": 20001,
  "init_type": "tanh",
  "t_start": 100,
  "t_end": 140,
  "saved_stride": 150
}