{
  "lambda_val": 1,
  "m0": 0.7,
  "alpha": 0.001,
  "wave_speed": 0.8910922026111872,
  "r2": 0.9999858602242545,
  "m_threshold": 0.35,
  "m_wave_speed": 0.8901725651775648,
  "m_r2": 0.9999907461375669,
  "dt": 0.1,
  "T": 200,
  "L": 200,
  "N": 20001,
  "init_type": "tanh",
  "t_start": 100,
  "t_end": 140,
  "saved_stride": 150
}