{
  "lambda_val": 5,
  "m0": 0.3,
  "wave_speed": 0.9212492438019504,
  "r2": 0.9999921294846703,
  "m_threshold": 0.15,
  "m_wave_speed": 0.9207733557543231,
  "m_r2": 0.9999925398947576,
  "dt": 0.1,
  "T": 200,
  "L": 200,
  "N": 20001,
  "init_type": "tanh",
  "t_start": 60,
  "t_end": 180,
  "saved_stride": 150
}