{
  "lambda_val": 0.1,
  "alpha": 1.0,
  "m0": 0.8,
  "wave_speed": 0.12652905392805416,
  "r2": 0.9999988457035345,
  "dt": 0.1,
  "T": 200,
  "L": 200,
  "N": 5001,
  "init_type": "tanh",
  "t_start": 60,
  "t_end": 180,
  "saved_stride": 150
}