{
  "lambda_val": 100000.0,
  "m0": 0.6,
  "alpha": 0.001,
  "wave_speed": 0.9596197138689504,
  "r2": 0.9999773387242692,
  "m_threshold": 0.3,
  "m_wave_speed": 0.9548198397396316,
  "m_r2": 0.9999831922024512,
  "dt": 0.1,
  "T": 200,
  "L": 200,
  "N": 20001,
  "init_type": "tanh",
  "t_start": 100,
  "t_end": 140,
  "saved_stride": 150
}