{
  "lambda_val": 1000,
  "m0": 0.6,
  "wave_speed": 0.9796809907582813,
  "r2": 0.9999952282823861,
  "m_threshold": 0.3,
  "m_wave_speed": 0.9790264886771886,
  "m_r2": 0.9999965163268156,
  "dt": 0.1,
  "T": 200,
  "L": 200,
  "N": 20001,
  "init_type": "tanh",
  "t_start": 60,
  "t_end": 180,
  "saved_stride": 150
}