{
  "lambda_val": 5.0,
  "alpha": 5.0,
  "m0": 0.1,
  "wave_speed": 0.22563537854370522,
  "r2": 0.999998952125046,
  "dt": 0.1,
  "T": 200,
  "L": 200,
  "N": 5001,
  "init_type": "tanh",
  "t_start": 60,
  "t_end": 180,
  "saved_stride": 150
}