{
  "lambda_val": 0.01,
  "m0": 0.8,
  "alpha": 0.001,
  "wave_speed": 0.7700876150613161,
  "r2": 0.9999881683047366,
  "m_threshold": 0.4,
  "m_wave_speed": 0.821262964358128,
  "m_r2": 0.9999689808124296,
  "dt": 0.1,
  "T": 200,
  "L": 200,
  "N": 20001,
  "init_type": "tanh",
  "t_start": 100,
  "t_end": 140,
  "saved_stride": 150
}