{
  "lambda_val": 10,
  "m0": 0.9,
  "wave_speed": 0.7139149684198282,
  "r2": 0.9999991618867634,
  "m_threshold": 0.45,
  "m_wave_speed": 0.7139123142113214,
  "m_r2": 0.9999991345924859,
  "dt": 0.1,
  "T": 200,
  "L": 200,
  "N": 20001,
  "init_type": "tanh",
  "t_start": 60,
  "t_end": 180,
  "saved_stride": 150
}