{
  "lambda_val": 0.5,
  "alpha": 0.06,
  "m0": 0.3,
  "wave_speed": 0.22147454028845373,
  "r2": 0.9922628349243309,
  "dt": 0.1,
  "T": 400,
  "L": 200,
  "N": 20001,
  "init_type": "tanh",
  "steepness": 0.85,
  "perc": 0.4,
  "t_start": 100,
  "t_end": 350,
  "num_points": 250,
  "saved_stride": 150
}