{
  "lambda_val": 100000.0,
  "m0": 0.6,
  "wave_speed": 0.9773670000467468,
  "r2": 0.9999923109511968,
  "m_threshold": 0.3,
  "m_wave_speed": 0.9762806848353969,
  "m_r2": 0.999996652359657,
  "dt": 0.1,
  "T": 200,
  "L": 200,
  "N": 20001,
  "init_type": "tanh",
  "t_start": 60,
  "t_end": 180,
  "saved_stride": 150
}