{
  "lambda_val": 0.05,
  "m0": 0.7,
  "alpha": 0.01,
  "wave_speed": 0.6310674517809386,
  "r2": 0.9995999922213902,
  "m_threshold": 0.35,
  "m_wave_speed": 0.674010822669022,
  "m_r2": 0.999643221104292,
  "dt": 0.1,
  "T": 200,
  "L": 200,
  "N": 20001,
  "init_type": "tanh",
  "t_start": 100,
  "t_end": 140,
  "saved_stride": 150
}