{
  "lambda_val": 100000.0,
  "m0": 0.8,
  "alpha": 0.01,
  "wave_speed": 0.7069363338306611,
  "r2": 0.9999486040744089,
  "m_threshold": 0.4,
  "m_wave_speed": 0.6948902508896658,
  "m_r2": 0.9999512641238929,
  "dt": 0.1,
  "T": 200,
  "L": 200,
  "N": 20001,
  "init_type": "tanh",
  "t_start": 100,
  "t_end": 140,
  "saved_stride": 150
}