{
  "lambda_val": 100,
  "m0": 1,
  "alpha": 10,
  "wave_speed": 0.18271849092331205,
  "r2": 0.9999953739532902,
  "m_threshold": 0.5,
  "m_wave_speed": 0.18269546652332924,
  "m_r2": 0.999995012284398,
  "dt": 0.1,
  "T": 200,
  "L": 200,
  "N": 20001,
  "init_type": "tanh",
  "t_start": 100,
  "t_end": 140,
  "saved_stride": 150
}