{
  "lambda_val": 1000000.0,
  "m0": 1,
  "alpha": 1000000.0,
  "wave_speed": 0.16477545217774248,
  "r2": 0.9999951811852174,
  "m_threshold": 0.5,
  "m_wave_speed": 0.3288301546593659,
  "m_r2": 0.04819223837571895,
  "dt": 0.1,
  "T": 200,
  "L": 200,
  "N": 20001,
  "init_type": "tanh",
  "t_start": 100,
  "t_end": 140,
  "saved_stride": 150
}