{
  "lambda_val": 1000,
  "m0": 0.4,
  "alpha": 0.001,
  "wave_speed": 0.9910936499267994,
  "r2": 0.9999111562961005,
  "m_threshold": 0.2,
  "m_wave_speed": 0.9895145766589671,
  "m_r2": 0.9999036908646018,
  "dt": 0.1,
  "T": 200,
  "L": 200,
  "N": 20001,
  "init_type": "tanh",
  "t_start": 100,
  "t_end": 140,
  "saved_stride": 150
}