{
  "lambda_val": 100,
  "m0": 0.7,
  "wave_speed": 0.9242264180114416,
  "r2": 0.9999935408962065,
  "m_threshold": 0.35,
  "m_wave_speed": 0.9232828541030162,
  "m_r2": 0.9999937321562109,
  "dt": 0.1,
  "T": 200,
  "L": 200,
  "N": 20001,
  "init_type": "tanh",
  "t_start": 60,
  "t_end": 180,
  "saved_stride": 150
}