{
  "lambda_val": 100,
  "m0": 0.9,
  "alpha": 0.05,
  "wave_speed": 0.30711046940813946,
  "r2": 0.9978093976989725,
  "m_threshold": 0.45,
  "m_wave_speed": 0.29481813762771886,
  "m_r2": 0.9979729629813832,
  "dt": 0.1,
  "T": 200,
  "L": 200,
  "N": 20001,
  "init_type": "tanh",
  "t_start": 100,
  "t_end": 140,
  "saved_stride": 150
}