{
  "lambda_val": 1000000.0,
  "m0": 0.4,
  "alpha": 0.05,
  "wave_speed": 0.467983058839117,
  "r2": 0.9983230429675449,
  "m_threshold": 0.2,
  "m_wave_speed": 0.4175820858592128,
  "m_r2": 0.9979063406586228,
  "dt": 0.1,
  "T": 200,
  "L": 200,
  "N": 20001,
  "init_type": "tanh",
  "t_start": 100,
  "t_end": 140,
  "saved_stride": 150
}