{
  "lambda_val": 0.01,
  "m0": 0.3,
  "alpha": 0.001,
  "wave_speed": 0.9629658946600875,
  "r2": 0.9999267333947068,
  "m_threshold": 0.15,
  "m_wave_speed": 0.7230319442935665,
  "m_r2": 0.9991803348564304,
  "dt": 0.1,
  "T": 200,
  "L": 200,
  "N": 20001,
  "init_type": "tanh",
  "t_start": 100,
  "t_end": 140,
  "saved_stride": 150
}