{
  "lambda_val": 100000.0,
  "m0": 0.95,
  "alpha": 1,
  "wave_speed": 0.18722642371145326,
  "r2": 0.9999952608238897,
  "m_threshold": 0.475,
  "m_wave_speed": null,
  "m_r2": null,
  "dt": 0.1,
  "T": 200,
  "L": 200,
  "N": 20001,
  "init_type": "tanh",
  "t_start": 100,
  "t_end": 140,
  "saved_stride": 150
}