{
  "lambda_val": 5,
  "m0": 0.7,
  "wave_speed": 0.9236543330103224,
  "r2": 0.9999896638611858,
  "m_threshold": 0.35,
  "m_wave_speed": 0.9229573237062342,
  "m_r2": 0.999992446515514,
  "dt": 0.1,
  "T": 200,
  "L": 200,
  "N": 20001,
  "init_type": "tanh",
  "t_start": 60,
  "t_end": 180,
  "saved_stride": 150
}