{
  "lambda_val": 100000.0,
  "m0": 0.95,
  "alpha": 1000,
  "wave_speed": 0.2055391396355336,
  "r2": 0.9999950489093047,
  "m_threshold": 0.475,
  "m_wave_speed": null,
  "m_r2": null,
  "dt": 0.1,
  "T": 200,
  "L": 200,
  "N": 20001,
  "init_type": "tanh",
  "t_start": 100,
  "t_end": 140,
  "saved_stride": 150
}