{
  "lambda_val": 100,
  "m0": 1,
  "alpha": 0.001,
  "wave_speed": 0.1626553243462305,
  "r2": 0.9999950986573941,
  "m_threshold": 0.5,
  "m_wave_speed": 0.16265981444881286,
  "m_r2": 0.9999936679883773,
  "dt": 0.1,
  "T": 200,
  "L": 200,
  "N": 20001,
  "init_type": "tanh",
  "t_start": 100,
  "t_end": 140,
  "saved_stride": 150
}