{
  "lambda_val": 0.01,
  "alpha": 5.0,
  "m0": 0.7,
  "wave_speed": 0.14474324686901333,
  "r2": 0.9999993504063842,
  "dt": 0.1,
  "T": 200,
  "L": 200,
  "N": 5001,
  "init_type": "tanh",
  "t_start": 60,
  "t_end": 180,
  "saved_stride": 150
}