{
  "lambda_val": 1,
  "m0": 0.4,
  "alpha": 0.01,
  "wave_speed": 0.8333552561594477,
  "r2": 0.9998996934766333,
  "m_threshold": 0.2,
  "m_wave_speed": 0.8312958915760631,
  "m_r2": 0.9999039334323341,
  "dt": 0.1,
  "T": 200,
  "L": 200,
  "N": 20001,
  "init_type": "tanh",
  "t_start": 100,
  "t_end": 140,
  "saved_stride": 150
}