{
  "lambda_val": 1,
  "m0": 0.95,
  "alpha": 0.05,
  "wave_speed": 0.1863684649957555,
  "r2": 0.999150442508821,
  "m_threshold": 0.475,
  "m_wave_speed": 0.18776513954734975,
  "m_r2": 0.9991296151976148,
  "dt": 0.1,
  "T": 200,
  "L": 200,
  "N": 20001,
  "init_type": "tanh",
  "t_start": 100,
  "t_end": 140,
  "saved_stride": 150
}