{
  "lambda_val": 1000,
  "m0": 1,
  "alpha": 0.05,
  "wave_speed": 0.16646007462695397,
  "r2": 0.9999950901702567,
  "m_threshold": 0.5,
  "m_wave_speed": 0.16646404966608477,
  "m_r2": 0.9999935662895563,
  "dt": 0.1,
  "T": 200,
  "L": 200,
  "N": 20001,
  "init_type": "tanh",
  "t_start": 100,
  "t_end": 140,
  "saved_stride": 150
}