{
  "lambda_val": 0.1,
  "alpha": 0.01,
  "m0": 0.5,
  "wave_speed": 0.8285245986865021,
  "r2": 0.9989956814329365,
  "dt": 0.1,
  "T": 200,
  "L": 200,
  "N": 5001,
  "init_type": "tanh",
  "t_start": 60,
  "t_end": 180,
  "saved_stride": 150
}