{
  "lambda_val": 0.05,
  "m0": 0.4,
  "wave_speed": 0.981519288544019,
  "r2": 0.9999953686230665,
  "m_threshold": 0.2,
  "m_wave_speed": 0.9832122409505147,
  "m_r2": 0.9999956795547603,
  "dt": 0.1,
  "T": 200,
  "L": 200,
  "N": 20001,
  "init_type": "tanh",
  "t_start": 60,
  "t_end": 180,
  "saved_stride": 150
}