{
  "lambda_val": 100,
  "m0": 0.9,
  "wave_speed": 0.7418464341578223,
  "r2": 0.9999990678873156,
  "m_threshold": 0.45,
  "m_wave_speed": 0.7418665646041761,
  "m_r2": 0.9999989535796463,
  "dt": 0.1,
  "T": 200,
  "L": 200,
  "N": 20001,
  "init_type": "tanh",
  "t_start": 60,
  "t_end": 180,
  "saved_stride": 150
}