{
  "lambda_val": 10,
  "m0": 0.3,
  "alpha": 0.01,
  "wave_speed": 0.8854981585945391,
  "r2": 0.9999447795373579,
  "m_threshold": 0.15,
  "m_wave_speed": 0.8803855141091891,
  "m_r2": 0.999943913840719,
  "dt": 0.1,
  "T": 200,
  "L": 200,
  "N": 20001,
  "init_type": "tanh",
  "t_start": 100,
  "t_end": 140,
  "saved_stride": 150
}