{
  "lambda_val": 1000,
  "m0": 1,
  "alpha": 0.001,
  "wave_speed": 0.16394755663681282,
  "r2": 0.9999950833655211,
  "m_threshold": 0.5,
  "m_wave_speed": 0.16394948746653282,
  "m_r2": 0.9999937140379271,
  "dt": 0.1,
  "T": 200,
  "L": 200,
  "N": 20001,
  "init_type": "tanh",
  "t_start": 100,
  "t_end": 140,
  "saved_stride": 150
}