{
  "lambda_val": 0.001,
  "m0": 1,
  "alpha": 0.05,
  "wave_speed": 0.01603740873220646,
  "r2": 0.9999934798164217,
  "m_threshold": 0.5,
  "m_wave_speed": null,
  "m_r2": null,
  "dt": 0.1,
  "T": 200,
  "L": 200,
  "N": 20001,
  "init_type": "tanh",
  "t_start": 100,
  "t_end": 140,
  "saved_stride": 150
}