{
  "lambda_val": 1,
  "m0": 0.8,
  "wave_speed": 0.8095220005280811,
  "r2": 0.999971609815858,
  "m_threshold": 0.4,
  "m_wave_speed": 0.80937363733356,
  "m_r2": 0.9999718923381407,
  "dt": 0.1,
  "T": 200,
  "L": 200,
  "N": 20001,
  "init_type": "tanh",
  "t_start": 60,
  "t_end": 180,
  "saved_stride": 150
}