{
  "lambda_val": 1000,
  "m0": 0.7,
  "wave_speed": 0.9233463723583757,
  "r2": 0.9999922358474997,
  "m_threshold": 0.35,
  "m_wave_speed": 0.922072712029174,
  "m_r2": 0.9999921604947523,
  "dt": 0.1,
  "T": 200,
  "L": 200,
  "N": 20001,
  "init_type": "tanh",
  "t_start": 60,
  "t_end": 180,
  "saved_stride": 150
}