{
  "lambda_val": 100,
  "m0": 0.8,
  "alpha": 0.001,
  "wave_speed": 0.8182016156956594,
  "r2": 0.9999949700195827,
  "m_threshold": 0.4,
  "m_wave_speed": 0.8174154358893421,
  "m_r2": 0.9999947466705263,
  "dt": 0.1,
  "T": 200,
  "L": 200,
  "N": 20001,
  "init_type": "tanh",
  "t_start": 100,
  "t_end": 140,
  "saved_stride": 150
}