{
  "lambda_val": 1.0,
  "alpha": 0.001,
  "m0": 0.05,
  "wave_speed": 0.7006143897842424,
  "r2": 0.9990082679338131,
  "dt": 0.1,
  "T": 200,
  "L": 200,
  "N": 5001,
  "init_type": "tanh",
  "t_start": 60,
  "t_end": 180,
  "saved_stride": 150
}