{
  "lambda_val": 5,
  "m0": 0.7,
  "alpha": 0.05,
  "wave_speed": 0.318204024565135,
  "r2": 0.9979290611384696,
  "m_threshold": 0.35,
  "m_wave_speed": 0.31356989013012726,
  "m_r2": 0.9978898513946708,
  "dt": 0.1,
  "T": 200,
  "L": 200,
  "N": 20001,
  "init_type": "tanh",
  "t_start": 100,
  "t_end": 140,
  "saved_stride": 150
}