{
  "lambda_val": 0.05,
  "m0": 0.99,
  "wave_speed": 0.2045932110229095,
  "r2": 0.9999282878235515,
  "m_threshold": 0.495,
  "m_wave_speed": 0.20733911560776128,
  "m_r2": 0.9996395440212897,
  "dt": 0.1,
  "T": 200,
  "L": 200,
  "N": 20001,
  "init_type": "tanh",
  "t_start": 60,
  "t_end": 180,
  "saved_stride": 150
}