{
  "lambda_val": 1,
  "m0": 1,
  "wave_speed": 0.1332459017113154,
  "r2": 0.9999993127075733,
  "m_threshold": 0.5,
  "m_wave_speed": 0.13326610322184862,
  "m_r2": 0.9999992668020435,
  "dt": 0.1,
  "T": 200,
  "L": 200,
  "N": 20001,
  "init_type": "tanh",
  "t_start": 60,
  "t_end": 180,
  "saved_stride": 150
}