{
  "lambda_val": 5.0,
  "alpha": 0.1,
  "m0": 0.2,
  "wave_speed": 0.2691897399952839,
  "r2": 0.9920070289576385,
  "dt": 0.1,
  "T": 200,
  "L": 200,
  "N": 5001,
  "init_type": "tanh",
  "t_start": 60,
  "t_end": 180,
  "saved_stride": 150
}