{
  "lambda_val": 0.05,
  "m0": 0.8,
  "alpha": 0.001,
  "wave_speed": 0.770168673302029,
  "r2": 0.9999881468686584,
  "m_threshold": 0.4,
  "m_wave_speed": 0.7743173594713222,
  "m_r2": 0.9999845308643073,
  "dt": 0.1,
  "T": 200,
  "L": 200,
  "N": 20001,
  "init_type": "tanh",
  "t_start": 100,
  "t_end": 140,
  "saved_stride": 150
}