{
  "lambda_val": 5,
  "m0": 0.6,
  "alpha": 0.01,
  "wave_speed": 0.7351328118681686,
  "r2": 0.9997961440147822,
  "m_threshold": 0.3,
  "m_wave_speed": 0.7312347055170711,
  "m_r2": 0.9998048430740318,
  "dt": 0.1,
  "T": 200,
  "L": 200,
  "N": 20001,
  "init_type": "tanh",
  "t_start": 100,
  "t_end": 140,
  "saved_stride": 150
}