{
  "lambda_val": 0.05,
  "m0": 0.6,
  "alpha": 0.01,
  "wave_speed": 0.7062933977964096,
  "r2": 0.9996444274448685,
  "m_threshold": 0.3,
  "m_wave_speed": 0.7515139294984567,
  "m_r2": 0.9997522222219829,
  "dt": 0.1,
  "T": 200,
  "L": 200,
  "N": 20001,
  "init_type": "tanh",
  "t_start": 100,
  "t_end": 140,
  "saved_stride": 150
}