{
  "lambda_val": 10,
  "m0": 0.95,
  "alpha": 0.05,
  "wave_speed": 0.24879514146027307,
  "r2": 0.9984151571463974,
  "m_threshold": 0.475,
  "m_wave_speed": 0.24436588037957432,
  "m_r2": 0.9985143373533094,
  "dt": 0.1,
  "T": 200,
  "L": 200,
  "N": 20001,
  "init_type": "tanh",
  "t_start": 100,
  "t_end": 140,
  "saved_stride": 150
}