{
  "lambda_val": 1,
  "m0": 0.8,
  "alpha": 0.001,
  "wave_speed": 0.7724400005147408,
  "r2": 0.9999878606046924,
  "m_threshold": 0.4,
  "m_wave_speed": 0.7720650490672429,
  "m_r2": 0.9999879030617261,
  "dt": 0.1,
  "T": 200,
  "L": 200,
  "N": 20001,
  "init_type": "tanh",
  "t_start": 100,
  "t_end": 140,
  "saved_stride": 150
}