{
  "lambda_val": 100000.0,
  "m0": 1,
  "alpha": 100000.0,
  "wave_speed": 0.16478531468606109,
  "r2": 0.999995132726454,
  "m_threshold": 0.5,
  "m_wave_speed": -0.1313472194159542,
  "m_r2": 0.011422499802517347,
  "dt": 0.1,
  "T": 200,
  "L": 200,
  "N": 20001,
  "init_type": "tanh",
  "t_start": 100,
  "t_end": 140,
  "saved_stride": 150
}