{
  "lambda_val": 1000,
  "m0": 0.6,
  "alpha": 0.01,
  "wave_speed": 0.7819413051700086,
  "r2": 0.9999211648785602,
  "m_threshold": 0.3,
  "m_wave_speed": 0.7752172607714126,
  "m_r2": 0.9999637145079429,
  "dt": 0.1,
  "T": 200,
  "L": 200,
  "N": 20001,
  "init_type": "tanh",
  "t_start": 100,
  "t_end": 140,
  "saved_stride": 150
}