{
  "lambda_val": 1000,
  "m0": 0.95,
  "alpha": 0.01,
  "wave_speed": 0.5848975429513907,
  "r2": 0.9999553147067183,
  "m_threshold": 0.475,
  "m_wave_speed": 0.5792026273507198,
  "m_r2": 0.9999551777390261,
  "dt": 0.1,
  "T": 200,
  "L": 200,
  "N": 20001,
  "init_type": "tanh",
  "t_start": 100,
  "t_end": 140,
  "saved_stride": 150
}