{
  "lambda_val": 0.01,
  "m0": 0.95,
  "wave_speed": 0.44075441016792616,
  "r2": 0.9999370035717932,
  "m_threshold": 0.475,
  "m_wave_speed": 0.537731420819707,
  "m_r2": 0.9915279629152016,
  "dt": 0.1,
  "T": 200,
  "L": 200,
  "N": 20001,
  "init_type": "tanh",
  "t_start": 60,
  "t_end": 180,
  "saved_stride": 150
}