{
  "lambda_val": 0.001,
  "alpha": 0.001,
  "m0": 0.01,
  "wave_speed": 0.6258101159839157,
  "r2": 0.997360770032714,
  "dt": 0.1,
  "T": 200,
  "L": 200,
  "N": 5001,
  "init_type": "tanh",
  "t_start": 60,
  "t_end": 180,
  "saved_stride": 150
}