{
  "lambda_val": 1000,
  "m0": 0.5,
  "alpha": 0.05,
  "wave_speed": 0.42780901180172565,
  "r2": 0.9979880408807469,
  "m_threshold": 0.25,
  "m_wave_speed": 0.40311423261525725,
  "m_r2": 0.9978079602512272,
  "dt": 0.1,
  "T": 200,
  "L": 200,
  "N": 20001,
  "init_type": "tanh",
  "t_start": 100,
  "t_end": 140,
  "saved_stride": 150
}