{
  "lambda_val": 1.0,
  "alpha": 0.1,
  "m0": 0.4,
  "wave_speed": 0.2500196701058734,
  "r2": 0.9897198761430762,
  "dt": 0.1,
  "T": 200,
  "L": 200,
  "N": 5001,
  "init_type": "tanh",
  "t_start": 60,
  "t_end": 180,
  "saved_stride": 150
}