{
  "lambda_val": 10,
  "m0": 0.99,
  "alpha": 0.05,
  "wave_speed": 0.2018169395682999,
  "r2": 0.9994000968240109,
  "m_threshold": 0.495,
  "m_wave_speed": 0.19944394032600488,
  "m_r2": 0.9993423409048655,
  "dt": 0.1,
  "T": 200,
  "L": 200,
  "N": 20001,
  "init_type": "tanh",
  "t_start": 100,
  "t_end": 140,
  "saved_stride": 150
}