{
  "lambda_val": 5,
  "m0": 0.5,
  "alpha": 1,
  "wave_speed": 0.15807672135144535,
  "r2": 0.9999955547659116,
  "m_threshold": 0.25,
  "m_wave_speed": 0.15815046261079005,
  "m_r2": 0.9999942634655399,
  "dt": 0.1,
  "T": 200,
  "L": 200,
  "N": 20001,
  "init_type": "tanh",
  "t_start": 100,
  "t_end": 140,
  "saved_stride": 150
}