{
  "lambda_val": 100,
  "m0": 0.7,
  "alpha": 0.01,
  "wave_speed": 0.7388005660383845,
  "r2": 0.9999373150729884,
  "m_threshold": 0.35,
  "m_wave_speed": 0.7326368819394412,
  "m_r2": 0.9999400979051364,
  "dt": 0.1,
  "T": 200,
  "L": 200,
  "N": 20001,
  "init_type": "tanh",
  "t_start": 100,
  "t_end": 140,
  "saved_stride": 150
}