{
  "lambda_val": 5,
  "m0": 0.4,
  "alpha": 0.001,
  "wave_speed": 0.9930110200398177,
  "r2": 0.9998890512131351,
  "m_threshold": 0.2,
  "m_wave_speed": 0.9901188268530032,
  "m_r2": 0.9999735758174433,
  "dt": 0.1,
  "T": 200,
  "L": 200,
  "N": 20001,
  "init_type": "tanh",
  "t_start": 100,
  "t_end": 140,
  "saved_stride": 150
}