{
  "lambda_val": 100,
  "m0": 0.95,
  "alpha": 0.01,
  "wave_speed": 0.5783182923499304,
  "r2": 0.9999541986293519,
  "m_threshold": 0.475,
  "m_wave_speed": 0.5743955785644078,
  "m_r2": 0.999954172018967,
  "dt": 0.1,
  "T": 200,
  "L": 200,
  "N": 20001,
  "init_type": "tanh",
  "t_start": 100,
  "t_end": 140,
  "saved_stride": 150
}