{
  "lambda_val": 10.0,
  "alpha": 0.06,
  "m0": 1.0,
  "wave_speed": 0.15676016559118708,
  "r2": 0.9999998459786695,
  "dt": 0.1,
  "T": 400,
  "L": 200,
  "N": 20001,
  "init_type": "tanh",
  "steepness": 0.85,
  "perc": 0.4,
  "t_start": 100,
  "t_end": 350,
  "num_points": 250,
  "saved_stride": 150
}