{
  "lambda_val": 1,
  "m0": 0.4,
  "wave_speed": 0.9818189793608774,
  "r2": 0.99998924177376,
  "m_threshold": 0.2,
  "m_wave_speed": 0.9813985798372274,
  "m_r2": 0.9999951961927915,
  "dt": 0.1,
  "T": 200,
  "L": 200,
  "N": 20001,
  "init_type": "tanh",
  "t_start": 60,
  "t_end": 180,
  "saved_stride": 150
}