{
  "lambda_val": 0.001,
  "m0": 0.9,
  "alpha": 100,
  "wave_speed": 0.0944357740441768,
  "r2": 0.9999950901678681,
  "m_threshold": 0.45,
  "m_wave_speed": null,
  "m_r2": null,
  "dt": 0.1,
  "T": 200,
  "L": 200,
  "N": 20001,
  "init_type": "tanh",
  "t_start": 100,
  "t_end": 140,
  "saved_stride": 150
}