{
  "lambda_val": 100000.0,
  "m0": 1,
  "alpha": 0.01,
  "wave_speed": 0.16471683620154945,
  "r2": 0.9999950782551207,
  "m_threshold": 0.5,
  "m_wave_speed": 0.16471852346764151,
  "m_r2": 0.9999938281211969,
  "dt": 0.1,
  "T": 200,
  "L": 200,
  "N": 20001,
  "init_type": "tanh",
  "t_start": 100,
  "t_end": 140,
  "saved_stride": 150
}