{
  "lambda_val": 1000000.0,
  "m0": 0.3,
  "alpha": 100000.0,
  "wave_speed": 0.19157163344637104,
  "r2": 0.9999948219841083,
  "m_threshold": 0.15,
  "m_wave_speed": 0.19156412776772713,
  "m_r2": 0.9999931637424627,
  "dt": 0.1,
  "T": 200,
  "L": 200,
  "N": 20001,
  "init_type": "tanh",
  "t_start": 100,
  "t_end": 140,
  "saved_stride": 150
}