{
  "lambda_val": 10.0,
  "alpha": 1.0,
  "m0": 0.4,
  "wave_speed": 0.23516190489130848,
  "r2": 0.999992794598123,
  "dt": 0.1,
  "T": 200,
  "L": 200,
  "N": 5001,
  "init_type": "tanh",
  "t_start": 60,
  "t_end": 180,
  "saved_stride": 150
}