{
  "lambda_val": 0.5,
  "alpha": 5.0,
  "m0": 1.0,
  "wave_speed": 0.14996032287720099,
  "r2": 0.9999991038035255,
  "dt": 0.1,
  "T": 200,
  "L": 200,
  "N": 5001,
  "init_type": "tanh",
  "t_start": 60,
  "t_end": 180,
  "saved_stride": 150
}