{
  "lambda_val": 1,
  "m0": 0.95,
  "wave_speed": 0.5058789809854188,
  "r2": 0.9999992391853604,
  "m_threshold": 0.475,
  "m_wave_speed": 0.5058723492553043,
  "m_r2": 0.9999992549187111,
  "dt": 0.1,
  "T": 200,
  "L": 200,
  "N": 20001,
  "init_type": "tanh",
  "t_start": 60,
  "t_end": 180,
  "saved_stride": 150
}