{
  "lambda_val": 10,
  "m0": 0.6,
  "alpha": 0.01,
  "wave_speed": 0.7508781371545308,
  "r2": 0.9998700920136069,
  "m_threshold": 0.3,
  "m_wave_speed": 0.7471812449277973,
  "m_r2": 0.9998859818299682,
  "dt": 0.1,
  "T": 200,
  "L": 200,
  "N": 20001,
  "init_type": "tanh",
  "t_start": 100,
  "t_end": 140,
  "saved_stride": 150
}