{
  "lambda_val": 0.001,
  "m0": 0.95,
  "wave_speed": 0.4407083983885661,
  "r2": 0.9999375404638386,
  "m_threshold": 0.475,
  "m_wave_speed": null,
  "m_r2": null,
  "dt": 0.1,
  "T": 200,
  "L": 200,
  "N": 20001,
  "init_type": "tanh",
  "t_start": 60,
  "t_end": 180,
  "saved_stride": 150
}