{
  "lambda_val": 1,
  "m0": 0.99,
  "wave_speed": 0.3627699748968515,
  "r2": 0.9999993504063547,
  "m_threshold": 0.495,
  "m_wave_speed": 0.362769974891979,
  "m_r2": 0.9999993504063416,
  "dt": 0.1,
  "T": 200,
  "L": 200,
  "N": 20001,
  "init_type": "tanh",
  "t_start": 60,
  "t_end": 180,
  "saved_stride": 150
}