{
  "lambda_val": 0.01,
  "alpha": 0.01,
  "m0": 0.3,
  "wave_speed": 0.9181348376829742,
  "r2": 0.9995089561385161,
  "dt": 0.1,
  "T": 200,
  "L": 200,
  "N": 5001,
  "init_type": "tanh",
  "t_start": 60,
  "t_end": 180,
  "saved_stride": 150
}