{
  "lambda_val": 1.0,
  "alpha": 5.0,
  "m0": 0.3,
  "wave_speed": 0.18354882965477734,
  "r2": 0.9999988095149511,
  "dt": 0.1,
  "T": 200,
  "L": 200,
  "N": 5001,
  "init_type": "tanh",
  "t_start": 60,
  "t_end": 180,
  "saved_stride": 150
}