{
  "lambda_val": 1000000.0,
  "m0": 0.01,
  "alpha": 0.05,
  "wave_speed": 0.5054064347793272,
  "r2": 0.9985886404492185,
  "m_threshold": 0.005,
  "m_wave_speed": null,
  "m_r2": null,
  "dt": 0.1,
  "T": 200,
  "L": 200,
  "N": 20001,
  "init_type": "tanh",
  "t_start": 100,
  "t_end": 140,
  "saved_stride": 150
}