{
  "lambda_val": 5,
  "m0": 0.99,
  "wave_speed": 0.4723795933249135,
  "r2": 0.999999350406308,
  "m_threshold": 0.495,
  "m_wave_speed": 0.47237959331251805,
  "m_r2": 0.9999993504063196,
  "dt": 0.1,
  "T": 200,
  "L": 200,
  "N": 20001,
  "init_type": "tanh",
  "t_start": 60,
  "t_end": 180,
  "saved_stride": 150
}