{
  "lambda_val": 1.0,
  "alpha": 0.001,
  "m0": 0.99,
  "wave_speed": 0.318476341927845,
  "r2": 0.9999873879329592,
  "dt": 0.1,
  "T": 200,
  "L": 200,
  "N": 5001,
  "init_type": "tanh",
  "t_start": 60,
  "t_end": 180,
  "saved_stride": 150
}