{
  "lambda_val": 10,
  "m0": 0.6,
  "alpha": 1,
  "wave_speed": 0.16156294321030074,
  "r2": 0.999995491811455,
  "m_threshold": 0.3,
  "m_wave_speed": 0.16158077634134557,
  "m_r2": 0.9999934804086464,
  "dt": 0.1,
  "T": 200,
  "L": 200,
  "N": 20001,
  "init_type": "tanh",
  "t_start": 100,
  "t_end": 140,
  "saved_stride": 150
}