{
  "lambda_val": 0.01,
  "alpha": 0.3,
  "m0": 1.0,
  "wave_speed": 0.03850372641230226,
  "r2": 0.999999836793855,
  "dt": 0.1,
  "T": 400,
  "L": 200,
  "N": 20001,
  "init_type": "tanh",
  "steepness": 0.85,
  "perc": 0.4,
  "t_start": 100,
  "t_end": 350,
  "num_points": 250,
  "saved_stride": 150
}