{
  "lambda_val": 100000000.0,
  "alpha": 0.09,
  "m0": 0.8,
  "wave_speed": 0.1726959739313763,
  "r2": 0.9993187593480809,
  "dt": 0.1,
  "T": 400,
  "L": 200,
  "N": 20001,
  "init_type": "tanh",
  "steepness": 0.85,
  "perc": 0.4,
  "t_start": 100,
  "t_end": 350,
  "num_points": 250,
  "saved_stride": 150
}