{
  "lambda_val": 0.5,
  "alpha": 0.1,
  "m0": 0.3,
  "wave_speed": 0.25603875471574,
  "r2": 0.9891376130133607,
  "dt": 0.1,
  "T": 200,
  "L": 200,
  "N": 5001,
  "init_type": "tanh",
  "t_start": 60,
  "t_end": 180,
  "saved_stride": 150
}