{
  "lambda_val": 100,
  "m0": 0.3,
  "alpha": 0.001,
  "wave_speed": 0.9612119107795808,
  "r2": 0.9999462725960406,
  "m_threshold": 0.15,
  "m_wave_speed": 0.9574750760340782,
  "m_r2": 0.999959274479015,
  "dt": 0.1,
  "T": 200,
  "L": 200,
  "N": 20001,
  "init_type": "tanh",
  "t_start": 100,
  "t_end": 140,
  "saved_stride": 150
}