{
  "lambda_val": 1000,
  "m0": 1,
  "wave_speed": 0.16400695288549746,
  "r2": 0.999999344917121,
  "m_threshold": 0.5,
  "m_wave_speed": 0.1640100835593706,
  "m_r2": 0.9999992342944117,
  "dt": 0.1,
  "T": 200,
  "L": 200,
  "N": 20001,
  "init_type": "tanh",
  "t_start": 60,
  "t_end": 180,
  "saved_stride": 150
}