{
  "lambda_val": 0.1,
  "alpha": 1.0,
  "m0": 0.1,
  "wave_speed": 0.12520405377508137,
  "r2": 0.9987902304010418,
  "dt": 0.1,
  "T": 200,
  "L": 200,
  "N": 5001,
  "init_type": "tanh",
  "t_start": 60,
  "t_end": 180,
  "saved_stride": 150
}