{
  "lambda_val": 0.5,
  "alpha": 1.0,
  "m0": 0.6,
  "wave_speed": 0.166372267612631,
  "r2": 0.999993327523026,
  "dt": 0.1,
  "T": 200,
  "L": 200,
  "N": 5001,
  "init_type": "tanh",
  "t_start": 60,
  "t_end": 180,
  "saved_stride": 150
}