{
  "lambda_val": 100,
  "m0": 0.9,
  "alpha": 10,
  "wave_speed": 0.1826887977945236,
  "r2": 0.9999946255697763,
  "m_threshold": 0.45,
  "m_wave_speed": 0.18269173016754617,
  "m_r2": 0.9999951660071916,
  "dt": 0.1,
  "T": 200,
  "L": 200,
  "N": 20001,
  "init_type": "tanh",
  "t_start": 100,
  "t_end": 140,
  "saved_stride": 150
}