{
  "lambda_val": 0.01,
  "m0": 0.99,
  "alpha": 0.001,
  "wave_speed": 0.1904599554961933,
  "r2": 0.9999803790735868,
  "m_threshold": 0.495,
  "m_wave_speed": 0.33003962043395063,
  "m_r2": 0.9545308062864063,
  "dt": 0.1,
  "T": 200,
  "L": 200,
  "N": 20001,
  "init_type": "tanh",
  "t_start": 100,
  "t_end": 140,
  "saved_stride": 150
}