{
  "lambda_val": 0.5,
  "alpha": 0.11,
  "m0": 0.3,
  "wave_speed": 0.17286880485536077,
  "r2": 0.9950946958344261,
  "dt": 0.1,
  "T": 400,
  "L": 200,
  "N": 20001,
  "init_type": "tanh",
  "steepness": 0.85,
  "perc": 0.4,
  "t_start": 100,
  "t_end": 350,
  "num_points": 250,
  "saved_stride": 150
}