{
  "lambda_val": 0.01,
  "m0": 0.5,
  "wave_speed": 1.0006584554291227,
  "r2": 0.9999955027304561,
  "m_threshold": 0.25,
  "m_wave_speed": 1.0032844906127814,
  "m_r2": 0.9999955592032185,
  "dt": 0.1,
  "T": 200,
  "L": 200,
  "N": 20001,
  "init_type": "tanh",
  "t_start": 60,
  "t_end": 180,
  "saved_stride": 150
}