{
  "lambda_val": 1000,
  "m0": 0.6,
  "alpha": 100,
  "wave_speed": 0.19034022324862937,
  "r2": 0.9999948946571957,
  "m_threshold": 0.3,
  "m_wave_speed": 0.19031845129231462,
  "m_r2": 0.9999950803944825,
  "dt": 0.1,
  "T": 200,
  "L": 200,
  "N": 20001,
  "init_type": "tanh",
  "t_start": 100,
  "t_end": 140,
  "saved_stride": 150
}