{
  "lambda_val": 100000.0,
  "m0": 0.5,
  "alpha": 0.001,
  "wave_speed": 0.9898104042044809,
  "r2": 0.9999645734369786,
  "m_threshold": 0.25,
  "m_wave_speed": 0.9876812300238857,
  "m_r2": 0.999952457119333,
  "dt": 0.1,
  "T": 200,
  "L": 200,
  "N": 20001,
  "init_type": "tanh",
  "t_start": 100,
  "t_end": 140,
  "saved_stride": 150
}