{
  "lambda_val": 5,
  "m0": 0.7,
  "alpha": 0.01,
  "wave_speed": 0.684484041750639,
  "r2": 0.999876054149687,
  "m_threshold": 0.35,
  "m_wave_speed": 0.6814308125563208,
  "m_r2": 0.9998815661910172,
  "dt": 0.1,
  "T": 200,
  "L": 200,
  "N": 20001,
  "init_type": "tanh",
  "t_start": 100,
  "t_end": 140,
  "saved_stride": 150
}