{
  "lambda_val": 10,
  "m0": 0.4,
  "alpha": 1,
  "wave_speed": 0.1616128906678705,
  "r2": 0.9999953425985394,
  "m_threshold": 0.2,
  "m_wave_speed": 0.16161214183881836,
  "m_r2": 0.999994357482879,
  "dt": 0.1,
  "T": 200,
  "L": 200,
  "N": 20001,
  "init_type": "tanh",
  "t_start": 100,
  "t_end": 140,
  "saved_stride": 150
}