{
  "lambda_val": 1,
  "m0": 0.6,
  "alpha": 10,
  "wave_speed": 0.15423925599425434,
  "r2": 0.999995323194654,
  "m_threshold": 0.3,
  "m_wave_speed": null,
  "m_r2": null,
  "dt": 0.1,
  "T": 200,
  "L": 200,
  "N": 20001,
  "init_type": "tanh",
  "t_start": 100,
  "t_end": 140,
  "saved_stride": 150
}