{
  "lambda_val": 100,
  "m0": 0.99,
  "alpha": 0.01,
  "wave_speed": 0.4593674234860337,
  "r2": 0.999933487830392,
  "m_threshold": 0.495,
  "m_wave_speed": 0.4557556896671722,
  "m_r2": 0.999932416135127,
  "dt": 0.1,
  "T": 200,
  "L": 200,
  "N": 20001,
  "init_type": "tanh",
  "t_start": 100,
  "t_end": 140,
  "saved_stride": 150
}