{
  "lambda_val": 1000000.0,
  "m0": 0.3,
  "alpha": 0.01,
  "wave_speed": 0.9067846832273491,
  "r2": 0.9999472473925946,
  "m_threshold": 0.15,
  "m_wave_speed": 0.8869094147842657,
  "m_r2": 0.9999601224301544,
  "dt": 0.1,
  "T": 200,
  "L": 200,
  "N": 20001,
  "init_type": "tanh",
  "t_start": 100,
  "t_end": 140,
  "saved_stride": 150
}