{
  "lambda_val": 10.0,
  "alpha": 0.01,
  "m0": 0.7,
  "wave_speed": 0.7173244702827203,
  "r2": 0.9990072931612215,
  "dt": 0.1,
  "T": 200,
  "L": 200,
  "N": 5001,
  "init_type": "tanh",
  "t_start": 60,
  "t_end": 180,
  "saved_stride": 150
}