{
  "lambda_val": 0.1,
  "alpha": 1.0,
  "m0": 0.3,
  "wave_speed": 0.145597694353753,
  "r2": 0.9999413973420003,
  "dt": 0.1,
  "T": 200,
  "L": 200,
  "N": 5001,
  "init_type": "tanh",
  "t_start": 60,
  "t_end": 180,
  "saved_stride": 150
}