{
  "lambda_val": 5.0,
  "alpha": 0.09,
  "m0": 0.05,
  "wave_speed": 0.1913116552862634,
  "r2": 0.9940018860296135,
  "dt": 0.1,
  "T": 400,
  "L": 200,
  "N": 20001,
  "init_type": "tanh",
  "steepness": 0.85,
  "perc": 0.4,
  "t_start": 100,
  "t_end": 350,
  "num_points": 250,
  "saved_stride": 150
}