{
  "lambda_val": 1000000.0,
  "m0": 0.9,
  "alpha": 0.01,
  "wave_speed": 0.6461463946660421,
  "r2": 0.9999559030877538,
  "m_threshold": 0.45,
  "m_wave_speed": 0.6341014269663864,
  "m_r2": 0.9999566356289694,
  "dt": 0.1,
  "T": 200,
  "L": 200,
  "N": 20001,
  "init_type": "tanh",
  "t_start": 100,
  "t_end": 140,
  "saved_stride": 150
}