{
  "lambda_val": 0.01,
  "alpha": 1.0,
  "m0": 0.2,
  "wave_speed": 0.1302976673425686,
  "r2": 0.9995087413385354,
  "dt": 0.1,
  "T": 200,
  "L": 200,
  "N": 5001,
  "init_type": "tanh",
  "t_start": 60,
  "t_end": 180,
  "saved_stride": 150
}