{
  "lambda_val": 5,
  "m0": 0.6,
  "alpha": 0.001,
  "wave_speed": 0.9596005613255244,
  "r2": 0.9999609317238073,
  "m_threshold": 0.3,
  "m_wave_speed": 0.9572332929703457,
  "m_r2": 0.9999922446417826,
  "dt": 0.1,
  "T": 200,
  "L": 200,
  "N": 20001,
  "init_type": "tanh",
  "t_start": 100,
  "t_end": 140,
  "saved_stride": 150
}