{
  "lambda_val": 0.05,
  "m0": 0.6,
  "wave_speed": 0.981533998063331,
  "r2": 0.9999953708209252,
  "m_threshold": 0.3,
  "m_wave_speed": 0.9832308199942057,
  "m_r2": 0.9999956824732519,
  "dt": 0.1,
  "T": 200,
  "L": 200,
  "N": 20001,
  "init_type": "tanh",
  "t_start": 60,
  "t_end": 180,
  "saved_stride": 150
}