{
  "lambda_val": 1000,
  "m0": 1,
  "alpha": 1000,
  "wave_speed": 0.16462455442575338,
  "r2": 0.9999951126247133,
  "m_threshold": 0.5,
  "m_wave_speed": -0.053606993510534946,
  "m_r2": 0.0025219606311496327,
  "dt": 0.1,
  "T": 200,
  "L": 200,
  "N": 20001,
  "init_type": "tanh",
  "t_start": 100,
  "t_end": 140,
  "saved_stride": 150
}