{
  "lambda_val": 0.01,
  "m0": 0.4,
  "wave_speed": 0.9815241094669379,
  "r2": 0.9999953693574503,
  "m_threshold": 0.2,
  "m_wave_speed": 0.9860090287670381,
  "m_r2": 0.999995303060381,
  "dt": 0.1,
  "T": 200,
  "L": 200,
  "N": 20001,
  "init_type": "tanh",
  "t_start": 60,
  "t_end": 180,
  "saved_stride": 150
}