{
  "lambda_val": 0.05,
  "m0": 0.8,
  "alpha": 0.01,
  "wave_speed": 0.5310758066903903,
  "r2": 0.99955559456454,
  "m_threshold": 0.4,
  "m_wave_speed": 0.5688649171799195,
  "m_r2": 0.999539184572277,
  "dt": 0.1,
  "T": 200,
  "L": 200,
  "N": 20001,
  "init_type": "tanh",
  "t_start": 100,
  "t_end": 140,
  "saved_stride": 150
}