{
  "lambda_val": 100.0,
  "alpha": 0.01,
  "m0": 0.9,
  "n0": 0.3,
  "wave_speed": 0.6180339113086631,
  "r2": 0.9998168193019602,
  "dt": 0.1,
  "T": 400,
  "L": 200,
  "N": 20001,
  "init_type": "tanh",
  "steepness": 0.85,
  "perc": 0.4,
  "t_start": 100,
  "t_end": 350,
  "num_points": 250,
  "saved_stride": 150
}