{
  "lambda_val": 1000,
  "m0": 0.95,
  "alpha": 0.05,
  "wave_speed": 0.2802995384008346,
  "r2": 0.9981618007561893,
  "m_threshold": 0.475,
  "m_wave_speed": 0.2653730803049547,
  "m_r2": 0.9983871054554198,
  "dt": 0.1,
  "T": 200,
  "L": 200,
  "N": 20001,
  "init_type": "tanh",
  "t_start": 100,
  "t_end": 140,
  "saved_stride": 150
}