{
  "lambda_val": 100000.0,
  "m0": 0.3,
  "alpha": 0.001,
  "wave_speed": 0.9561841033923324,
  "r2": 0.9999704544967043,
  "m_threshold": 0.15,
  "m_wave_speed": 0.9531393278317107,
  "m_r2": 0.9999783046649444,
  "dt": 0.1,
  "T": 200,
  "L": 200,
  "N": 20001,
  "init_type": "tanh",
  "t_start": 100,
  "t_end": 140,
  "saved_stride": 150
}