{
  "lambda_val": 10.0,
  "alpha": 5.0,
  "m0": 0.9,
  "wave_speed": 0.2391462241045552,
  "r2": 0.9999989577819051,
  "dt": 0.1,
  "T": 200,
  "L": 200,
  "N": 5001,
  "init_type": "tanh",
  "t_start": 60,
  "t_end": 180,
  "saved_stride": 150
}