{
  "lambda_val": 5,
  "m0": 0.95,
  "alpha": 0.001,
  "wave_speed": 0.5957871536077839,
  "r2": 0.9999950901037851,
  "m_threshold": 0.475,
  "m_wave_speed": 0.5955671107109797,
  "m_r2": 0.999995090691174,
  "dt": 0.1,
  "T": 200,
  "L": 200,
  "N": 20001,
  "init_type": "tanh",
  "t_start": 100,
  "t_end": 140,
  "saved_stride": 150
}