{
  "lambda_val": 5,
  "m0": 0.99,
  "alpha": 0.001,
  "wave_speed": 0.46367589667032993,
  "r2": 0.9999951418446915,
  "m_threshold": 0.495,
  "m_wave_speed": 0.46353769574164383,
  "m_r2": 0.9999951418066101,
  "dt": 0.1,
  "T": 200,
  "L": 200,
  "N": 20001,
  "init_type": "tanh",
  "t_start": 100,
  "t_end": 140,
  "saved_stride": 150
}