{
  "lambda_val": 1000,
  "m0": 0.95,
  "alpha": 0.001,
  "wave_speed": 0.6652719752716629,
  "r2": 0.9999952117907794,
  "m_threshold": 0.475,
  "m_wave_speed": 0.6645834324633642,
  "m_r2": 0.9999952122051283,
  "dt": 0.1,
  "T": 200,
  "L": 200,
  "N": 20001,
  "init_type": "tanh",
  "t_start": 100,
  "t_end": 140,
  "saved_stride": 150
}