{
  "lambda_val": 0.5,
  "alpha": 10.0,
  "m0": 0.0,
  "wave_speed": 0.12908429811336672,
  "r2": 0.99999934404169,
  "dt": 0.1,
  "T": 200,
  "L": 200,
  "N": 5001,
  "init_type": "tanh",
  "t_start": 60,
  "t_end": 180,
  "saved_stride": 150
}