{
  "lambda_val": 1000,
  "m0": 0.8,
  "alpha": 100,
  "wave_speed": 0.19031189284997646,
  "r2": 0.9999951555565406,
  "m_threshold": 0.4,
  "m_wave_speed": 0.19035875551073844,
  "m_r2": 0.9999946418648922,
  "dt": 0.1,
  "T": 200,
  "L": 200,
  "N": 20001,
  "init_type": "tanh",
  "t_start": 100,
  "t_end": 140,
  "saved_stride": 150
}