{
  "lambda_val": 10,
  "m0": 0.4,
  "alpha": 0.05,
  "wave_speed": 0.3861764663332821,
  "r2": 0.9979870553414896,
  "m_threshold": 0.2,
  "m_wave_speed": 0.38035029761788036,
  "m_r2": 0.9979586753987304,
  "dt": 0.1,
  "T": 200,
  "L": 200,
  "N": 20001,
  "init_type": "tanh",
  "t_start": 100,
  "t_end": 140,
  "saved_stride": 150
}