{
  "lambda_val": 0.01,
  "m0": 0.9,
  "alpha": 0.001,
  "wave_speed": 0.5752882003523727,
  "r2": 0.9999842192909618,
  "m_threshold": 0.45,
  "m_wave_speed": 0.6850657297854733,
  "m_r2": 0.9992631040536066,
  "dt": 0.1,
  "T": 200,
  "L": 200,
  "N": 20001,
  "init_type": "tanh",
  "t_start": 100,
  "t_end": 140,
  "saved_stride": 150
}