{
  "lambda_val": 10,
  "m0": 1,
  "wave_speed": 0.15479033367390366,
  "r2": 0.9999993481917692,
  "m_threshold": 0.5,
  "m_wave_speed": 0.15478900756945066,
  "m_r2": 0.9999992091639927,
  "dt": 0.1,
  "T": 200,
  "L": 200,
  "N": 20001,
  "init_type": "tanh",
  "t_start": 60,
  "t_end": 180,
  "saved_stride": 150
}