{
  "lambda_val": 1,
  "m0": 1,
  "alpha": 0.05,
  "wave_speed": 0.13316110756375324,
  "r2": 0.9999950089054771,
  "m_threshold": 0.5,
  "m_wave_speed": 0.13316779202370355,
  "m_r2": 0.9999943157141922,
  "dt": 0.1,
  "T": 200,
  "L": 200,
  "N": 20001,
  "init_type": "tanh",
  "t_start": 100,
  "t_end": 140,
  "saved_stride": 150
}