{
  "lambda_val": 100000.0,
  "m0": 0.8,
  "alpha": 0.05,
  "wave_speed": 0.3779323811081909,
  "r2": 0.9976602913654982,
  "m_threshold": 0.4,
  "m_wave_speed": 0.33903487609526267,
  "m_r2": 0.9976522527670931,
  "dt": 0.1,
  "T": 200,
  "L": 200,
  "N": 20001,
  "init_type": "tanh",
  "t_start": 100,
  "t_end": 140,
  "saved_stride": 150
}