{
  "lambda_val": 0.001,
  "alpha": 0.1,
  "m0": 0.3,
  "wave_speed": 0.2529961979613043,
  "r2": 0.9896882061547893,
  "dt": 0.1,
  "T": 200,
  "L": 200,
  "N": 5001,
  "init_type": "tanh",
  "t_start": 60,
  "t_end": 180,
  "saved_stride": 150
}