{
  "lambda_val": 0.05,
  "m0": 0.6,
  "alpha": 0.05,
  "wave_speed": 0.28784483713932013,
  "r2": 0.9989283339518683,
  "m_threshold": 0.3,
  "m_wave_speed": null,
  "m_r2": null,
  "dt": 0.1,
  "T": 200,
  "L": 200,
  "N": 20001,
  "init_type": "tanh",
  "t_start": 100,
  "t_end": 140,
  "saved_stride": 150
}