{
  "lambda_val": 5,
  "m0": 0.6,
  "wave_speed": 0.9819604896838435,
  "r2": 0.9999913807819721,
  "m_threshold": 0.3,
  "m_wave_speed": 0.9814333669736328,
  "m_r2": 0.9999956647650498,
  "dt": 0.1,
  "T": 200,
  "L": 200,
  "N": 20001,
  "init_type": "tanh",
  "t_start": 60,
  "t_end": 180,
  "saved_stride": 150
}