{
  "lambda_val": 1000,
  "m0": 0.8,
  "alpha": 0.01,
  "wave_speed": 0.7019316601383189,
  "r2": 0.999949269122538,
  "m_threshold": 0.4,
  "m_wave_speed": 0.6944445614391768,
  "m_r2": 0.9999510825786754,
  "dt": 0.1,
  "T": 200,
  "L": 200,
  "N": 20001,
  "init_type": "tanh",
  "t_start": 100,
  "t_end": 140,
  "saved_stride": 150
}