{
  "lambda_val": 100000.0,
  "m0": 0.5,
  "wave_speed": 0.9956553194615497,
  "r2": 0.9999931357085743,
  "m_threshold": 0.25,
  "m_wave_speed": 0.9950155876379276,
  "m_r2": 0.9999958155739102,
  "dt": 0.1,
  "T": 200,
  "L": 200,
  "N": 20001,
  "init_type": "tanh",
  "t_start": 60,
  "t_end": 180,
  "saved_stride": 150
}