{
  "lambda_val": 100,
  "m0": 0.6,
  "alpha": 0.05,
  "wave_speed": 0.39842406018134274,
  "r2": 0.9977951683752593,
  "m_threshold": 0.3,
  "m_wave_speed": 0.3825579461036548,
  "m_r2": 0.9977293133983373,
  "dt": 0.1,
  "T": 200,
  "L": 200,
  "N": 20001,
  "init_type": "tanh",
  "t_start": 100,
  "t_end": 140,
  "saved_stride": 150
}