{
  "lambda_val": 10.0,
  "alpha": 0.5,
  "m0": 0.1,
  "wave_speed": 0.23266729740273492,
  "r2": 0.999994119846814,
  "dt": 0.1,
  "T": 200,
  "L": 200,
  "N": 5001,
  "init_type": "tanh",
  "t_start": 60,
  "t_end": 180,
  "saved_stride": 150
}