{
  "lambda_val": 100,
  "m0": 0.3,
  "alpha": 10,
  "wave_speed": 0.18269472057368813,
  "r2": 0.999995006380636,
  "m_threshold": 0.15,
  "m_wave_speed": 0.18271305360292986,
  "m_r2": 0.9999806844562514,
  "dt": 0.1,
  "T": 200,
  "L": 200,
  "N": 20001,
  "init_type": "tanh",
  "t_start": 100,
  "t_end": 140,
  "saved_stride": 150
}