{
  "lambda_val": 1000000.0,
  "m0": 0.95,
  "alpha": 0.05,
  "wave_speed": 0.29795844308136077,
  "r2": 0.9979353611752361,
  "m_threshold": 0.475,
  "m_wave_speed": 0.26567864116337164,
  "m_r2": 0.9983865140884226,
  "dt": 0.1,
  "T": 200,
  "L": 200,
  "N": 20001,
  "init_type": "tanh",
  "t_start": 100,
  "t_end": 140,
  "saved_stride": 150
}