{
  "lambda_val": 1000,
  "m0": 0.99,
  "alpha": 100,
  "wave_speed": 0.19031931434845575,
  "r2": 0.9999949975385559,
  "m_threshold": 0.495,
  "m_wave_speed": 0.19035918069838323,
  "m_r2": 0.999994795805553,
  "dt": 0.1,
  "T": 200,
  "L": 200,
  "N": 20001,
  "init_type": "tanh",
  "t_start": 100,
  "t_end": 140,
  "saved_stride": 150
}