{
  "lambda_val": 1000000.0,
  "m0": 0.95,
  "alpha": 0.01,
  "wave_speed": 0.5907562235941303,
  "r2": 0.9999557087029243,
  "m_threshold": 0.475,
  "m_wave_speed": 0.5797493665787744,
  "m_r2": 0.9999552926376016,
  "dt": 0.1,
  "T": 200,
  "L": 200,
  "N": 20001,
  "init_type": "tanh",
  "t_start": 100,
  "t_end": 140,
  "saved_stride": 150
}