{
  "lambda_val": 100,
  "m0": 0.95,
  "alpha": 5,
  "wave_speed": 0.1840673650181112,
  "r2": 0.9999944090591777,
  "m_threshold": 0.475,
  "m_wave_speed": 0.18408797326749962,
  "m_r2": 0.9999949793342292,
  "dt": 0.1,
  "T": 200,
  "L": 200,
  "N": 20001,
  "init_type": "tanh",
  "t_start": 100,
  "t_end": 140,
  "saved_stride": 150
}