{
  "lambda_val": 0.05,
  "m0": 0.3,
  "alpha": 0.01,
  "wave_speed": 0.868728636379833,
  "r2": 0.9999262292234843,
  "m_threshold": 0.15,
  "m_wave_speed": null,
  "m_r2": null,
  "dt": 0.1,
  "T": 200,
  "L": 200,
  "N": 20001,
  "init_type": "tanh",
  "t_start": 100,
  "t_end": 140,
  "saved_stride": 150
}