{
  "lambda_val": 100000.0,
  "m0": 0.05,
  "wave_speed": 0.4359780468010237,
  "r2": 0.9999816256939037,
  "m_threshold": 0.025,
  "m_wave_speed": null,
  "m_r2": null,
  "dt": 0.1,
  "T": 200,
  "L": 200,
  "N": 20001,
  "init_type": "tanh",
  "t_start": 60,
  "t_end": 180,
  "saved_stride": 150
}