{
  "lambda_val": 1000000.0,
  "m0": 0.8,
  "alpha": 0.01,
  "wave_speed": 0.7092494058972166,
  "r2": 0.9999481532515525,
  "m_threshold": 0.4,
  "m_wave_speed": 0.6948943109926503,
  "m_r2": 0.999951265775602,
  "dt": 0.1,
  "T": 200,
  "L": 200,
  "N": 20001,
  "init_type": "tanh",
  "t_start": 100,
  "t_end": 140,
  "saved_stride": 150
}