{
  "lambda_val": 0.001,
  "alpha": 5.0,
  "m0": 0.05,
  "n0": 0.9,
  "wave_speed": 0.11012873696106099,
  "r2": 0.9999994076347596,
  "dt": 0.1,
  "T": 400,
  "L": 200,
  "N": 20001,
  "init_type": "tanh",
  "steepness": 0.85,
  "perc": 0.4,
  "t_start": 100,
  "t_end": 350,
  "num_points": 250,
  "saved_stride": 150
}