{
  "lambda_val": 0.05,
  "m0": 1,
  "alpha": 0.01,
  "wave_speed": 0.07380295319536595,
  "r2": 0.9999949884858693,
  "m_threshold": 0.5,
  "m_wave_speed": 0.07380357565901474,
  "m_r2": 0.999995089992373,
  "dt": 0.1,
  "T": 200,
  "L": 200,
  "N": 20001,
  "init_type": "tanh",
  "t_start": 100,
  "t_end": 140,
  "saved_stride": 150
}