{
  "lambda_val": 5,
  "m0": 0.3,
  "alpha": 0.01,
  "wave_speed": 0.8816022010809897,
  "r2": 0.999938595008153,
  "m_threshold": 0.15,
  "m_wave_speed": 0.8777157290973583,
  "m_r2": 0.9999396097956375,
  "dt": 0.1,
  "T": 200,
  "L": 200,
  "N": 20001,
  "init_type": "tanh",
  "t_start": 100,
  "t_end": 140,
  "saved_stride": 150
}