{
  "lambda_val": 1,
  "m0": 0.9,
  "alpha": 0.01,
  "wave_speed": 0.452356868540022,
  "r2": 0.9998755566178197,
  "m_threshold": 0.45,
  "m_wave_speed": 0.4520011270461315,
  "m_r2": 0.9998764131594755,
  "dt": 0.1,
  "T": 200,
  "L": 200,
  "N": 20001,
  "init_type": "tanh",
  "t_start": 100,
  "t_end": 140,
  "saved_stride": 150
}