{
  "lambda_val": 100,
  "m0": 0.9,
  "alpha": 0.001,
  "wave_speed": 0.7286795343354121,
  "r2": 0.9999951549016525,
  "m_threshold": 0.45,
  "m_wave_speed": 0.7280355555850491,
  "m_r2": 0.9999951561379277,
  "dt": 0.1,
  "T": 200,
  "L": 200,
  "N": 20001,
  "init_type": "tanh",
  "t_start": 100,
  "t_end": 140,
  "saved_stride": 150
}