{
  "lambda_val": 10.0,
  "alpha": 10.0,
  "m0": 0.6,
  "wave_speed": 0.23903878384590616,
  "r2": 0.9999987341052101,
  "dt": 0.1,
  "T": 200,
  "L": 200,
  "N": 5001,
  "init_type": "tanh",
  "t_start": 60,
  "t_end": 180,
  "saved_stride": 150
}