{
  "lambda_val": 10,
  "m0": 0.5,
  "alpha": 0.05,
  "wave_speed": 0.37400253029549996,
  "r2": 0.9979275994367677,
  "m_threshold": 0.25,
  "m_wave_speed": 0.3676732070004749,
  "m_r2": 0.9978809251690618,
  "dt": 0.1,
  "T": 200,
  "L": 200,
  "N": 20001,
  "init_type": "tanh",
  "t_start": 100,
  "t_end": 140,
  "saved_stride": 150
}