{
  "lambda_val": 100,
  "m0": 0.95,
  "alpha": 0.001,
  "wave_speed": 0.6608022893204496,
  "r2": 0.9999952063705231,
  "m_threshold": 0.475,
  "m_wave_speed": 0.6603150305949053,
  "m_r2": 0.9999952067393378,
  "dt": 0.1,
  "T": 200,
  "L": 200,
  "N": 20001,
  "init_type": "tanh",
  "t_start": 100,
  "t_end": 140,
  "saved_stride": 150
}