{
  "lambda_val": 1000,
  "m0": 0.9,
  "alpha": 100,
  "wave_speed": 0.19031574326481585,
  "r2": 0.9999949831518177,
  "m_threshold": 0.45,
  "m_wave_speed": 0.19035980255508012,
  "m_r2": 0.9999945472021309,
  "dt": 0.1,
  "T": 200,
  "L": 200,
  "N": 20001,
  "init_type": "tanh",
  "t_start": 100,
  "t_end": 140,
  "saved_stride": 150
}