{
  "lambda_val": 1000000.0,
  "m0": 0.8,
  "alpha": 0.001,
  "wave_speed": 0.8219418054958436,
  "r2": 0.9999950015739267,
  "m_threshold": 0.4,
  "m_wave_speed": 0.8204561257750728,
  "m_r2": 0.9999932713073109,
  "dt": 0.1,
  "T": 200,
  "L": 200,
  "N": 20001,
  "init_type": "tanh",
  "t_start": 100,
  "t_end": 140,
  "saved_stride": 150
}