{
  "lambda_val": 1,
  "m0": 1,
  "alpha": 0.01,
  "wave_speed": 0.13316269563077004,
  "r2": 0.9999953199862306,
  "m_threshold": 0.5,
  "m_wave_speed": 0.13316568762353753,
  "m_r2": 0.9999943412936615,
  "dt": 0.1,
  "T": 200,
  "L": 200,
  "N": 20001,
  "init_type": "tanh",
  "t_start": 100,
  "t_end": 140,
  "saved_stride": 150
}