{
  "lambda_val": 1000000.0,
  "m0": 0.9,
  "alpha": 100000.0,
  "wave_speed": 0.19156922957538364,
  "r2": 0.9999949474186768,
  "m_threshold": 0.45,
  "m_wave_speed": 0.19154750891623742,
  "m_r2": 0.999995503456729,
  "dt": 0.1,
  "T": 200,
  "L": 200,
  "N": 20001,
  "init_type": "tanh",
  "t_start": 100,
  "t_end": 140,
  "saved_stride": 150
}