{
  "lambda_val": 0.05,
  "m0": 0.5,
  "alpha": 0.001,
  "wave_speed": 0.9923971510320138,
  "r2": 0.9998864777964149,
  "m_threshold": 0.25,
  "m_wave_speed": 0.9789992879281397,
  "m_r2": 0.9999870738708367,
  "dt": 0.1,
  "T": 200,
  "L": 200,
  "N": 20001,
  "init_type": "tanh",
  "t_start": 100,
  "t_end": 140,
  "saved_stride": 150
}