{
  "lambda_val": 1000,
  "m0": 0.3,
  "alpha": 0.001,
  "wave_speed": 0.9593475467997955,
  "r2": 0.9999650780808039,
  "m_threshold": 0.15,
  "m_wave_speed": 0.9552190866819281,
  "m_r2": 0.9999868047377908,
  "dt": 0.1,
  "T": 200,
  "L": 200,
  "N": 20001,
  "init_type": "tanh",
  "t_start": 100,
  "t_end": 140,
  "saved_stride": 150
}