{
  "lambda_val": 1000000.0,
  "m0": 0.7,
  "alpha": 0.01,
  "wave_speed": 0.7532487348327344,
  "r2": 0.9999367000684842,
  "m_threshold": 0.35,
  "m_wave_speed": 0.7386895749310411,
  "m_r2": 0.9999600531675583,
  "dt": 0.1,
  "T": 200,
  "L": 200,
  "N": 20001,
  "init_type": "tanh",
  "t_start": 100,
  "t_end": 140,
  "saved_stride": 150
}