{
  "lambda_val": 100,
  "m0": 0.5,
  "alpha": 5,
  "wave_speed": 0.18406791377381695,
  "r2": 0.9999942618517779,
  "m_threshold": 0.25,
  "m_wave_speed": 0.18406599322959064,
  "m_r2": 0.9999939635879118,
  "dt": 0.1,
  "T": 200,
  "L": 200,
  "N": 20001,
  "init_type": "tanh",
  "t_start": 100,
  "t_end": 140,
  "saved_stride": 150
}