{
  "lambda_val": 100,
  "m0": 1,
  "alpha": 100,
  "wave_speed": 0.1634427641830645,
  "r2": 0.9999951928925838,
  "m_threshold": 0.5,
  "m_wave_speed": -0.017294122819820148,
  "m_r2": 0.0002623870732578722,
  "dt": 0.1,
  "T": 200,
  "L": 200,
  "N": 20001,
  "init_type": "tanh",
  "t_start": 100,
  "t_end": 140,
  "saved_stride": 150
}