{
  "lambda_val": 1,
  "m0": 0.8,
  "alpha": 0.01,
  "wave_speed": 0.547386432935689,
  "r2": 0.999671798437156,
  "m_threshold": 0.4,
  "m_wave_speed": 0.5469475858247137,
  "m_r2": 0.9996738746984133,
  "dt": 0.1,
  "T": 200,
  "L": 200,
  "N": 20001,
  "init_type": "tanh",
  "t_start": 100,
  "t_end": 140,
  "saved_stride": 150
}