{
  "lambda_val": 0.5,
  "alpha": 0.001,
  "m0": 0.95,
  "wave_speed": 0.4399414976134434,
  "r2": 0.9999686880727334,
  "dt": 0.1,
  "T": 400,
  "L": 200,
  "N": 20001,
  "init_type": "tanh",
  "steepness": 0.85,
  "perc": 0.4,
  "t_start": 100,
  "t_end": 350,
  "num_points": 250,
  "saved_stride": 150
}