{
  "lambda_val": 5,
  "m0": 0.7,
  "alpha": 0.001,
  "wave_speed": 0.8936334941487499,
  "r2": 0.9999841949088999,
  "m_threshold": 0.35,
  "m_wave_speed": 0.8922229515170309,
  "m_r2": 0.9999902453337397,
  "dt": 0.1,
  "T": 200,
  "L": 200,
  "N": 20001,
  "init_type": "tanh",
  "t_start": 100,
  "t_end": 140,
  "saved_stride": 150
}