{
  "lambda_val": 0.1,
  "alpha": 0.001,
  "m0": 0.95,
  "wave_speed": 0.42091528567663067,
  "r2": 0.9997660618789898,
  "dt": 0.1,
  "T": 200,
  "L": 200,
  "N": 5001,
  "init_type": "tanh",
  "t_start": 60,
  "t_end": 180,
  "saved_stride": 150
}