{
  "lambda_val": 0.01,
  "m0": 0.3,
  "wave_speed": 0.9219911955490735,
  "r2": 0.9999918841047428,
  "m_threshold": 0.15,
  "m_wave_speed": 0.9327014759494946,
  "m_r2": 0.9999851741052604,
  "dt": 0.1,
  "T": 200,
  "L": 200,
  "N": 20001,
  "init_type": "tanh",
  "t_start": 60,
  "t_end": 180,
  "saved_stride": 150
}