{
  "lambda_val": 5,
  "m0": 0.8,
  "alpha": 0.01,
  "wave_speed": 0.6324418613261463,
  "r2": 0.9999167547602339,
  "m_threshold": 0.4,
  "m_wave_speed": 0.6300947453337109,
  "m_r2": 0.9999183586788205,
  "dt": 0.1,
  "T": 200,
  "L": 200,
  "N": 20001,
  "init_type": "tanh",
  "t_start": 100,
  "t_end": 140,
  "saved_stride": 150
}