{
  "lambda_val": 0.05,
  "m0": 0.5,
  "alpha": 0.05,
  "wave_speed": 0.3109710873886109,
  "r2": 0.998923835665703,
  "m_threshold": 0.25,
  "m_wave_speed": null,
  "m_r2": null,
  "dt": 0.1,
  "T": 200,
  "L": 200,
  "N": 20001,
  "init_type": "tanh",
  "t_start": 100,
  "t_end": 140,
  "saved_stride": 150
}