{
  "lambda_val": 0.05,
  "m0": 0.01,
  "alpha": 10,
  "wave_speed": 0.11127033553121367,
  "r2": 0.9999950913705005,
  "m_threshold": 0.005,
  "m_wave_speed": null,
  "m_r2": null,
  "dt": 0.1,
  "T": 200,
  "L": 200,
  "N": 20001,
  "init_type": "tanh",
  "t_start": 100,
  "t_end": 140,
  "saved_stride": 150
}