{
  "lambda_val": 5,
  "m0": 1,
  "alpha": 0.001,
  "wave_speed": 0.14970872108589767,
  "r2": 0.9999965935072743,
  "m_threshold": 0.5,
  "m_wave_speed": 0.14988867757497729,
  "m_r2": 0.9999937837713783,
  "dt": 0.1,
  "T": 200,
  "L": 200,
  "N": 20001,
  "init_type": "tanh",
  "t_start": 100,
  "t_end": 140,
  "saved_stride": 150
}