{
  "lambda_val": 1,
  "m0": 0.8,
  "alpha": 0.05,
  "wave_speed": 0.22520580655767367,
  "r2": 0.998394582469034,
  "m_threshold": 0.4,
  "m_wave_speed": 0.2274737188400602,
  "m_r2": 0.9984471354879013,
  "dt": 0.1,
  "T": 200,
  "L": 200,
  "N": 20001,
  "init_type": "tanh",
  "t_start": 100,
  "t_end": 140,
  "saved_stride": 150
}