{
  "lambda_val": 1000,
  "m0": 0.7,
  "alpha": 0.01,
  "wave_speed": 0.7448199406524156,
  "r2": 0.999938869415493,
  "m_threshold": 0.35,
  "m_wave_speed": 0.7360732611197047,
  "m_r2": 0.9999422861827063,
  "dt": 0.1,
  "T": 200,
  "L": 200,
  "N": 20001,
  "init_type": "tanh",
  "t_start": 100,
  "t_end": 140,
  "saved_stride": 150
}