{
  "lambda_val": 1,
  "m0": 0.6,
  "alpha": 0.05,
  "wave_speed": 0.2907533173162378,
  "r2": 0.9986074905076038,
  "m_threshold": 0.3,
  "m_wave_speed": 0.29301365045866967,
  "m_r2": 0.9986146264315803,
  "dt": 0.1,
  "T": 200,
  "L": 200,
  "N": 20001,
  "init_type": "tanh",
  "t_start": 100,
  "t_end": 140,
  "saved_stride": 150
}