{
  "lambda_val": 1000000.0,
  "m0": 0.1,
  "wave_speed": 0.598304929874316,
  "r2": 0.9999906458584747,
  "m_threshold": 0.05,
  "m_wave_speed": null,
  "m_r2": null,
  "dt": 0.1,
  "T": 200,
  "L": 200,
  "N": 20001,
  "init_type": "tanh",
  "t_start": 60,
  "t_end": 180,
  "saved_stride": 150
}