{
  "lambda_val": 10,
  "m0": 0.8,
  "alpha": 5,
  "wave_speed": 0.1593990532216448,
  "r2": 0.9999954728301464,
  "m_threshold": 0.4,
  "m_wave_speed": 0.15940419264046024,
  "m_r2": 0.9999922859306067,
  "dt": 0.1,
  "T": 200,
  "L": 200,
  "N": 20001,
  "init_type": "tanh",
  "t_start": 100,
  "t_end": 140,
  "saved_stride": 150
}