{
  "lambda_val": 1000000.0,
  "m0": 1,
  "alpha": 0.01,
  "wave_speed": 0.1647181091341706,
  "r2": 0.9999950888898418,
  "m_threshold": 0.5,
  "m_wave_speed": 0.16471908140140448,
  "m_r2": 0.9999937849842649,
  "dt": 0.1,
  "T": 200,
  "L": 200,
  "N": 20001,
  "init_type": "tanh",
  "t_start": 100,
  "t_end": 140,
  "saved_stride": 150
}