{
  "lambda_val": 5,
  "m0": 1,
  "alpha": 0.01,
  "wave_speed": 0.14990082951973596,
  "r2": 0.9999935520669604,
  "m_threshold": 0.5,
  "m_wave_speed": 0.14980204261352545,
  "m_r2": 0.9999952819878621,
  "dt": 0.1,
  "T": 200,
  "L": 200,
  "N": 20001,
  "init_type": "tanh",
  "t_start": 100,
  "t_end": 140,
  "saved_stride": 150
}