{
  "lambda_val": 10000000.0,
  "alpha": 100000000.0,
  "m0": 0.0,
  "wave_speed": 0.13023994000765313,
  "r2": 0.999999895954254,
  "dt": 0.1,
  "T": 400,
  "L": 200,
  "N": 20001,
  "init_type": "tanh",
  "steepness": 0.85,
  "perc": 0.4,
  "t_start": 100,
  "t_end": 350,
  "num_points": 250,
  "saved_stride": 150
}