{
  "lambda_val": 10,
  "m0": 0.4,
  "wave_speed": 0.9807589026721539,
  "r2": 0.9999952321876246,
  "m_threshold": 0.2,
  "m_wave_speed": 0.9806158123054415,
  "m_r2": 0.9999956621923426,
  "dt": 0.1,
  "T": 200,
  "L": 200,
  "N": 20001,
  "init_type": "tanh",
  "t_start": 60,
  "t_end": 180,
  "saved_stride": 150
}