{
  "lambda_val": 0.1,
  "alpha": 0.1,
  "m0": 0.4,
  "wave_speed": 0.24575401639133115,
  "r2": 0.9897205100932618,
  "dt": 0.1,
  "T": 200,
  "L": 200,
  "N": 5001,
  "init_type": "tanh",
  "t_start": 60,
  "t_end": 180,
  "saved_stride": 150
}