{
  "lambda_val": 0.1,
  "alpha": 0.5,
  "m0": 0.99,
  "wave_speed": 0.1057032615224685,
  "r2": 0.999999177465546,
  "dt": 0.1,
  "T": 200,
  "L": 200,
  "N": 5001,
  "init_type": "tanh",
  "t_start": 60,
  "t_end": 180,
  "saved_stride": 150
}