{
  "lambda_val": 10,
  "m0": 0.7,
  "alpha": 0.01,
  "wave_speed": 0.7077267425837342,
  "r2": 0.9999134871050894,
  "m_threshold": 0.35,
  "m_wave_speed": 0.7040332475262143,
  "m_r2": 0.9999170374328165,
  "dt": 0.1,
  "T": 200,
  "L": 200,
  "N": 20001,
  "init_type": "tanh",
  "t_start": 100,
  "t_end": 140,
  "saved_stride": 150
}