{
  "lambda_val": 10,
  "m0": 0.9,
  "alpha": 0.001,
  "wave_speed": 0.699051854455925,
  "r2": 0.9999950553172459,
  "m_threshold": 0.45,
  "m_wave_speed": 0.6986489022164694,
  "m_r2": 0.9999950567529812,
  "dt": 0.1,
  "T": 200,
  "L": 200,
  "N": 20001,
  "init_type": "tanh",
  "t_start": 100,
  "t_end": 140,
  "saved_stride": 150
}