{
  "lambda_val": 1000000.0,
  "m0": 0.8,
  "wave_speed": 0.8387898257483909,
  "r2": 0.9999982701587138,
  "m_threshold": 0.4,
  "m_wave_speed": 0.8385904733010511,
  "m_r2": 0.999998126420179,
  "dt": 0.1,
  "T": 200,
  "L": 200,
  "N": 20001,
  "init_type": "tanh",
  "t_start": 60,
  "t_end": 180,
  "saved_stride": 150
}