{
  "lambda_val": 100,
  "m0": 0.4,
  "alpha": 10,
  "wave_speed": 0.18269575333323385,
  "r2": 0.999995506006753,
  "m_threshold": 0.2,
  "m_wave_speed": 0.18270347642130685,
  "m_r2": 0.9999939692815595,
  "dt": 0.1,
  "T": 200,
  "L": 200,
  "N": 20001,
  "init_type": "tanh",
  "t_start": 100,
  "t_end": 140,
  "saved_stride": 150
}