{
  "lambda_val": 5,
  "m0": 0.99,
  "alpha": 1,
  "wave_speed": 0.1535747042595167,
  "r2": 0.999994969790741,
  "m_threshold": 0.495,
  "m_wave_speed": 0.15356314313690445,
  "m_r2": 0.9999938214630267,
  "dt": 0.1,
  "T": 200,
  "L": 200,
  "N": 20001,
  "init_type": "tanh",
  "t_start": 100,
  "t_end": 140,
  "saved_stride": 150
}