{
  "lambda_val": 100000.0,
  "m0": 0.4,
  "alpha": 0.001,
  "wave_speed": 0.9901451577943163,
  "r2": 0.9998922512486451,
  "m_threshold": 0.2,
  "m_wave_speed": 0.9865387652191902,
  "m_r2": 0.999966244994071,
  "dt": 0.1,
  "T": 200,
  "L": 200,
  "N": 20001,
  "init_type": "tanh",
  "t_start": 100,
  "t_end": 140,
  "saved_stride": 150
}