{
  "lambda_val": 1000000.0,
  "m0": 0.6,
  "wave_speed": 0.9756859211507409,
  "r2": 0.9999968810607861,
  "m_threshold": 0.3,
  "m_wave_speed": 0.9749497121124319,
  "m_r2": 0.9999963302571923,
  "dt": 0.1,
  "T": 200,
  "L": 200,
  "N": 20001,
  "init_type": "tanh",
  "t_start": 60,
  "t_end": 180,
  "saved_stride": 150
}