{
  "lambda_val": 0.05,
  "m0": 0.9,
  "alpha": 0.01,
  "wave_speed": 0.3867513150892219,
  "r2": 0.9995135643768686,
  "m_threshold": 0.45,
  "m_wave_speed": 0.4150451790921642,
  "m_r2": 0.9994479186540852,
  "dt": 0.1,
  "T": 200,
  "L": 200,
  "N": 20001,
  "init_type": "tanh",
  "t_start": 100,
  "t_end": 140,
  "saved_stride": 150
}