{
  "lambda_val": 1000,
  "m0": 0.6,
  "alpha": 0.05,
  "wave_speed": 0.411173383587006,
  "r2": 0.9978564300495746,
  "m_threshold": 0.3,
  "m_wave_speed": 0.3865296107327205,
  "m_r2": 0.9977240976071994,
  "dt": 0.1,
  "T": 200,
  "L": 200,
  "N": 20001,
  "init_type": "tanh",
  "t_start": 100,
  "t_end": 140,
  "saved_stride": 150
}