{
  "lambda_val": 10,
  "m0": 0.6,
  "wave_speed": 0.9816033792071599,
  "r2": 0.999995180090477,
  "m_threshold": 0.3,
  "m_wave_speed": 0.9812953709276087,
  "m_r2": 0.9999957546419298,
  "dt": 0.1,
  "T": 200,
  "L": 200,
  "N": 20001,
  "init_type": "tanh",
  "t_start": 60,
  "t_end": 180,
  "saved_stride": 150
}