{
  "lambda_val": 1,
  "m0": 1,
  "alpha": 1,
  "wave_speed": 0.13317945852509122,
  "r2": 0.9999949548055643,
  "m_threshold": 0.5,
  "m_wave_speed": 0.14511981906636068,
  "m_r2": 0.0035146727661247877,
  "dt": 0.1,
  "T": 200,
  "L": 200,
  "N": 20001,
  "init_type": "tanh",
  "t_start": 100,
  "t_end": 140,
  "saved_stride": 150
}