{
  "lambda_val": 1000000.0,
  "m0": 0.6,
  "alpha": 0.01,
  "wave_speed": 0.7903791365630362,
  "r2": 0.9999157775223436,
  "m_threshold": 0.3,
  "m_wave_speed": 0.7781981707050808,
  "m_r2": 0.9999798364757742,
  "dt": 0.1,
  "T": 200,
  "L": 200,
  "N": 20001,
  "init_type": "tanh",
  "t_start": 100,
  "t_end": 140,
  "saved_stride": 150
}