{
  "lambda_val": 0.001,
  "alpha": 1.0,
  "m0": 0.3,
  "n0": 0.5,
  "wave_speed": 0.1443505142957354,
  "r2": 0.9999998473690483,
  "dt": 0.1,
  "T": 400,
  "L": 200,
  "N": 20001,
  "init_type": "tanh",
  "steepness": 0.85,
  "perc": 0.4,
  "t_start": 100,
  "t_end": 350,
  "num_points": 250,
  "saved_stride": 150
}