{
  "lambda_val": 10,
  "m0": 0.95,
  "alpha": 1,
  "wave_speed": 0.161426857142124,
  "r2": 0.9999949953842938,
  "m_threshold": 0.475,
  "m_wave_speed": 0.1614212081851411,
  "m_r2": 0.9999941034807996,
  "dt": 0.1,
  "T": 200,
  "L": 200,
  "N": 20001,
  "init_type": "tanh",
  "t_start": 100,
  "t_end": 140,
  "saved_stride": 150
}