{
  "lambda_val": 0.05,
  "m0": 0.3,
  "wave_speed": 0.9219802656723515,
  "r2": 0.9999918920360422,
  "m_threshold": 0.15,
  "m_wave_speed": 0.924136917173658,
  "m_r2": 0.9999856332896957,
  "dt": 0.1,
  "T": 200,
  "L": 200,
  "N": 20001,
  "init_type": "tanh",
  "t_start": 60,
  "t_end": 180,
  "saved_stride": 150
}