{
  "lambda_val": 1.0,
  "alpha": 0.5,
  "m0": 0.1,
  "wave_speed": 0.19393938067341568,
  "r2": 0.9999624461178882,
  "dt": 0.1,
  "T": 200,
  "L": 200,
  "N": 5001,
  "init_type": "tanh",
  "t_start": 60,
  "t_end": 180,
  "saved_stride": 150
}