{
  "lambda_val": 10,
  "m0": 0.8,
  "wave_speed": 0.8260011483568424,
  "r2": 0.9999909469512752,
  "m_threshold": 0.4,
  "m_wave_speed": 0.8255265126270599,
  "m_r2": 0.999992718490299,
  "dt": 0.1,
  "T": 200,
  "L": 200,
  "N": 20001,
  "init_type": "tanh",
  "t_start": 60,
  "t_end": 180,
  "saved_stride": 150
}