{
  "lambda_val": 0.001,
  "alpha": 5.0,
  "m0": 0.95,
  "wave_speed": 0.0695748511758707,
  "r2": 0.9999993503961482,
  "dt": 0.1,
  "T": 200,
  "L": 200,
  "N": 5001,
  "init_type": "tanh",
  "t_start": 60,
  "t_end": 180,
  "saved_stride": 150
}