{
  "lambda_val": 1,
  "m0": 0.6,
  "wave_speed": 0.9816323652485892,
  "r2": 0.9999953849207638,
  "m_threshold": 0.3,
  "m_wave_speed": 0.9816713299215056,
  "m_r2": 0.9999947241462908,
  "dt": 0.1,
  "T": 200,
  "L": 200,
  "N": 20001,
  "init_type": "tanh",
  "t_start": 60,
  "t_end": 180,
  "saved_stride": 150
}