{
  "lambda_val": 0.5,
  "alpha": 0.5,
  "m0": 0.01,
  "wave_speed": 0.17029611634575484,
  "r2": 0.999656550383923,
  "dt": 0.1,
  "T": 200,
  "L": 200,
  "N": 5001,
  "init_type": "tanh",
  "t_start": 60,
  "t_end": 180,
  "saved_stride": 150
}