{
  "lambda_val": 100,
  "m0": 0.95,
  "alpha": 10,
  "wave_speed": 0.1827123950643511,
  "r2": 0.9999945802348587,
  "m_threshold": 0.475,
  "m_wave_speed": 0.1827299602382567,
  "m_r2": 0.9999946269170825,
  "dt": 0.1,
  "T": 200,
  "L": 200,
  "N": 20001,
  "init_type": "tanh",
  "t_start": 100,
  "t_end": 140,
  "saved_stride": 150
}