{
  "lambda_val": 10,
  "m0": 0.7,
  "alpha": 0.001,
  "wave_speed": 0.895070408734741,
  "r2": 0.9999881458418617,
  "m_threshold": 0.35,
  "m_wave_speed": 0.8937423883764573,
  "m_r2": 0.9999854493959598,
  "dt": 0.1,
  "T": 200,
  "L": 200,
  "N": 20001,
  "init_type": "tanh",
  "t_start": 100,
  "t_end": 140,
  "saved_stride": 150
}