{
  "lambda_val": 5,
  "m0": 0.2,
  "wave_speed": 0.8067528671714427,
  "r2": 0.9999755099079781,
  "m_threshold": 0.1,
  "m_wave_speed": null,
  "m_r2": null,
  "dt": 0.1,
  "T": 200,
  "L": 200,
  "N": 20001,
  "init_type": "tanh",
  "t_start": 60,
  "t_end": 180,
  "saved_stride": 150
}