{
  "lambda_val": 0.5,
  "alpha": 0.5,
  "m0": 0.7,
  "wave_speed": 0.16785349940151337,
  "r2": 0.9999925139296926,
  "dt": 0.1,
  "T": 200,
  "L": 200,
  "N": 5001,
  "init_type": "tanh",
  "t_start": 60,
  "t_end": 180,
  "saved_stride": 150
}