{
  "lambda_val": 10,
  "m0": 0.99,
  "alpha": 5,
  "wave_speed": 0.1594080171354146,
  "r2": 0.9999947787461478,
  "m_threshold": 0.495,
  "m_wave_speed": 0.15940498432190478,
  "m_r2": 0.9999939328511116,
  "dt": 0.1,
  "T": 200,
  "L": 200,
  "N": 20001,
  "init_type": "tanh",
  "t_start": 100,
  "t_end": 140,
  "saved_stride": 150
}