{
  "lambda_val": 5,
  "m0": 0.7,
  "alpha": 1,
  "wave_speed": 0.1536423630228641,
  "r2": 0.9999947755318231,
  "m_threshold": 0.35,
  "m_wave_speed": 0.15363106052990946,
  "m_r2": 0.9999936415122198,
  "dt": 0.1,
  "T": 200,
  "L": 200,
  "N": 20001,
  "init_type": "tanh",
  "t_start": 100,
  "t_end": 140,
  "saved_stride": 150
}