{
  "lambda_val": 100000.0,
  "m0": 0.4,
  "alpha": 0.05,
  "wave_speed": 0.4593263715695408,
  "r2": 0.9982518594963609,
  "m_threshold": 0.2,
  "m_wave_speed": 0.4175777339219346,
  "m_r2": 0.9979063752913403,
  "dt": 0.1,
  "T": 200,
  "L": 200,
  "N": 20001,
  "init_type": "tanh",
  "t_start": 100,
  "t_end": 140,
  "saved_stride": 150
}