{
  "lambda_val": 1000000.0,
  "m0": 0.4,
  "alpha": 100,
  "wave_speed": 0.21074429807499023,
  "r2": 0.9999951025210292,
  "m_threshold": 0.2,
  "m_wave_speed": null,
  "m_r2": null,
  "dt": 0.1,
  "T": 200,
  "L": 200,
  "N": 20001,
  "init_type": "tanh",
  "t_start": 100,
  "t_end": 140,
  "saved_stride": 150
}