{
  "lambda_val": 10.0,
  "alpha": 5.0,
  "m0": 1.0,
  "wave_speed": 0.23914422869887758,
  "r2": 0.9999988786270038,
  "dt": 0.1,
  "T": 200,
  "L": 200,
  "N": 5001,
  "init_type": "tanh",
  "t_start": 60,
  "t_end": 180,
  "saved_stride": 150
}