{
  "lambda_val": 0.001,
  "m0": 0.5,
  "wave_speed": 1.0006584641325837,
  "r2": 0.9999955026913007,
  "m_threshold": 0.25,
  "m_wave_speed": null,
  "m_r2": null,
  "dt": 0.1,
  "T": 200,
  "L": 200,
  "N": 20001,
  "init_type": "tanh",
  "t_start": 60,
  "t_end": 180,
  "saved_stride": 150
}