{
  "lambda_val": 100,
  "m0": 0.8,
  "alpha": 1,
  "wave_speed": 0.17977675794995415,
  "r2": 0.99999506742201,
  "m_threshold": 0.4,
  "m_wave_speed": null,
  "m_r2": null,
  "dt": 0.1,
  "T": 200,
  "L": 200,
  "N": 20001,
  "init_type": "tanh",
  "t_start": 100,
  "t_end": 140,
  "saved_stride": 150
}