{
  "lambda_val": 5.0,
  "alpha": 1.0,
  "m0": 0.3,
  "wave_speed": 0.22441764711284504,
  "r2": 0.9999987056845523,
  "dt": 0.1,
  "T": 200,
  "L": 200,
  "N": 5001,
  "init_type": "tanh",
  "t_start": 60,
  "t_end": 180,
  "saved_stride": 150
}