{
  "lambda_val": 0.05,
  "m0": 1,
  "alpha": 0.001,
  "wave_speed": 0.07386535479949875,
  "r2": 0.999994951151044,
  "m_threshold": 0.5,
  "m_wave_speed": 0.07386498769408631,
  "m_r2": 0.9999950901884466,
  "dt": 0.1,
  "T": 200,
  "L": 200,
  "N": 20001,
  "init_type": "tanh",
  "t_start": 100,
  "t_end": 140,
  "saved_stride": 150
}