{
  "lambda_val": 0.01,
  "m0": 0.8,
  "wave_speed": 0.807770399630899,
  "r2": 0.9999732230986649,
  "m_threshold": 0.4,
  "m_wave_speed": 0.8367075034129507,
  "m_r2": 0.9998594934062249,
  "dt": 0.1,
  "T": 200,
  "L": 200,
  "N": 20001,
  "init_type": "tanh",
  "t_start": 60,
  "t_end": 180,
  "saved_stride": 150
}