{
  "lambda_val": 100000.0,
  "m0": 0.6,
  "alpha": 0.05,
  "wave_speed": 0.4288787801298011,
  "r2": 0.997993440827758,
  "m_threshold": 0.3,
  "m_wave_speed": 0.38698094633965535,
  "m_r2": 0.9977233280591569,
  "dt": 0.1,
  "T": 200,
  "L": 200,
  "N": 20001,
  "init_type": "tanh",
  "t_start": 100,
  "t_end": 140,
  "saved_stride": 150
}