{
  "lambda_val": 1000,
  "m0": 0.4,
  "alpha": 0.01,
  "wave_speed": 0.8631564268731253,
  "r2": 0.9999362911976839,
  "m_threshold": 0.2,
  "m_wave_speed": 0.8513496747816178,
  "m_r2": 0.9999242463709439,
  "dt": 0.1,
  "T": 200,
  "L": 200,
  "N": 20001,
  "init_type": "tanh",
  "t_start": 100,
  "t_end": 140,
  "saved_stride": 150
}