{
  "lambda_val": 10,
  "m0": 0.7,
  "alpha": 5,
  "wave_speed": 0.15939577762611012,
  "r2": 0.9999954447366428,
  "m_threshold": 0.35,
  "m_wave_speed": 0.15941510162651884,
  "m_r2": 0.9999951217152985,
  "dt": 0.1,
  "T": 200,
  "L": 200,
  "N": 20001,
  "init_type": "tanh",
  "t_start": 100,
  "t_end": 140,
  "saved_stride": 150
}