{
  "lambda_val": 1000,
  "m0": 0.7,
  "alpha": 0.001,
  "wave_speed": 0.8981231362509889,
  "r2": 0.9999796080804215,
  "m_threshold": 0.35,
  "m_wave_speed": 0.8949250556613596,
  "m_r2": 0.9999828895459744,
  "dt": 0.1,
  "T": 200,
  "L": 200,
  "N": 20001,
  "init_type": "tanh",
  "t_start": 100,
  "t_end": 140,
  "saved_stride": 150
}