{
  "lambda_val": 1000000.0,
  "m0": 0.3,
  "wave_speed": 0.9124403270787008,
  "r2": 0.9999966980425127,
  "m_threshold": 0.15,
  "m_wave_speed": 0.9109942410790021,
  "m_r2": 0.9999970766438171,
  "dt": 0.1,
  "T": 200,
  "L": 200,
  "N": 20001,
  "init_type": "tanh",
  "t_start": 60,
  "t_end": 180,
  "saved_stride": 150
}