{
  "lambda_val": 100,
  "m0": 0.99,
  "alpha": 0.001,
  "wave_speed": 0.5336965395667589,
  "r2": 0.9999951943801771,
  "m_threshold": 0.495,
  "m_wave_speed": 0.5333234415611522,
  "m_r2": 0.9999951942557321,
  "dt": 0.1,
  "T": 200,
  "L": 200,
  "N": 20001,
  "init_type": "tanh",
  "t_start": 100,
  "t_end": 140,
  "saved_stride": 150
}