{
  "lambda_val": 1000000.0,
  "m0": 0.7,
  "alpha": 100000.0,
  "wave_speed": 0.1915718518922373,
  "r2": 0.9999948233796369,
  "m_threshold": 0.35,
  "m_wave_speed": 0.191562826879605,
  "m_r2": 0.9999950034259408,
  "dt": 0.1,
  "T": 200,
  "L": 200,
  "N": 20001,
  "init_type": "tanh",
  "t_start": 100,
  "t_end": 140,
  "saved_stride": 150
}