{
  "lambda_val": 100,
  "m0": 0.7,
  "alpha": 5,
  "wave_speed": 0.18406837182068414,
  "r2": 0.9999942457827244,
  "m_threshold": 0.35,
  "m_wave_speed": 0.18405298832960365,
  "m_r2": 0.9999947657455293,
  "dt": 0.1,
  "T": 200,
  "L": 200,
  "N": 20001,
  "init_type": "tanh",
  "t_start": 100,
  "t_end": 140,
  "saved_stride": 150
}