{
  "lambda_val": 5.0,
  "alpha": 0.01,
  "m0": 0.95,
  "wave_speed": 0.4477998331522971,
  "r2": 0.9987794260843196,
  "dt": 0.1,
  "T": 200,
  "L": 200,
  "N": 5001,
  "init_type": "tanh",
  "t_start": 60,
  "t_end": 180,
  "saved_stride": 150
}