{
  "lambda_val": 1000000.0,
  "m0": 0.95,
  "alpha": 1000000.0,
  "wave_speed": 0.16479394398768732,
  "r2": 0.9999947222662825,
  "m_threshold": 0.475,
  "m_wave_speed": null,
  "m_r2": null,
  "dt": 0.1,
  "T": 200,
  "L": 200,
  "N": 20001,
  "init_type": "tanh",
  "t_start": 100,
  "t_end": 140,
  "saved_stride": 150
}