{
  "lambda_val": 1000,
  "m0": 0.9,
  "alpha": 0.05,
  "wave_speed": 0.3169873564447018,
  "r2": 0.9977509577526578,
  "m_threshold": 0.45,
  "m_wave_speed": 0.29797741600176114,
  "m_r2": 0.9979914996924627,
  "dt": 0.1,
  "T": 200,
  "L": 200,
  "N": 20001,
  "init_type": "tanh",
  "t_start": 100,
  "t_end": 140,
  "saved_stride": 150
}