{
  "lambda_val": 1000,
  "m0": 0.5,
  "wave_speed": 0.9978461858783819,
  "r2": 0.9999962352170464,
  "m_threshold": 0.25,
  "m_wave_speed": 0.9976381493828672,
  "m_r2": 0.9999966260686005,
  "dt": 0.1,
  "T": 200,
  "L": 200,
  "N": 20001,
  "init_type": "tanh",
  "t_start": 60,
  "t_end": 180,
  "saved_stride": 150
}