{
  "lambda_val": 0.001,
  "alpha": 0.1,
  "m0": 0.8,
  "wave_speed": 0.16428889979991226,
  "r2": 0.9908209672705691,
  "dt": 0.1,
  "T": 200,
  "L": 200,
  "N": 5001,
  "init_type": "tanh",
  "t_start": 60,
  "t_end": 180,
  "saved_stride": 150
}