{
  "lambda_val": 1,
  "m0": 0.7,
  "alpha": 0.05,
  "wave_speed": 0.25856737719177225,
  "r2": 0.9984627166150558,
  "m_threshold": 0.35,
  "m_wave_speed": 0.26068340010195296,
  "m_r2": 0.9984800192634996,
  "dt": 0.1,
  "T": 200,
  "L": 200,
  "N": 20001,
  "init_type": "tanh",
  "t_start": 100,
  "t_end": 140,
  "saved_stride": 150
}