{
  "lambda_val": 10.0,
  "alpha": 5.0,
  "m0": 0.7,
  "wave_speed": 0.23913899497282448,
  "r2": 0.9999989357947878,
  "dt": 0.1,
  "T": 200,
  "L": 200,
  "N": 5001,
  "init_type": "tanh",
  "t_start": 60,
  "t_end": 180,
  "saved_stride": 150
}