{
  "lambda_val": 5,
  "m0": 0.9,
  "wave_speed": 0.6911032786387408,
  "r2": 0.999998568200577,
  "m_threshold": 0.45,
  "m_wave_speed": 0.6909951994581466,
  "m_r2": 0.9999991728156487,
  "dt": 0.1,
  "T": 200,
  "L": 200,
  "N": 20001,
  "init_type": "tanh",
  "t_start": 60,
  "t_end": 180,
  "saved_stride": 150
}