{
  "lambda_val": 100000.0,
  "m0": 0.95,
  "alpha": 0.001,
  "wave_speed": 0.6661569131951612,
  "r2": 0.9999952122516064,
  "m_threshold": 0.475,
  "m_wave_speed": 0.6650628647370384,
  "m_r2": 0.9999952128049266,
  "dt": 0.1,
  "T": 200,
  "L": 200,
  "N": 20001,
  "init_type": "tanh",
  "t_start": 100,
  "t_end": 140,
  "saved_stride": 150
}