{
  "lambda_val": 1.0,
  "alpha": 0.12,
  "m0": 0.2,
  "wave_speed": 0.1717067708236781,
  "r2": 0.9947455003917033,
  "dt": 0.1,
  "T": 400,
  "L": 200,
  "N": 20001,
  "init_type": "tanh",
  "steepness": 0.85,
  "perc": 0.4,
  "t_start": 100,
  "t_end": 350,
  "num_points": 250,
  "saved_stride": 150
}