{
  "lambda_val": 1.0,
  "alpha": 0.12,
  "m0": 0.6,
  "wave_speed": 0.15952354835435292,
  "r2": 0.9990919304767514,
  "dt": 0.1,
  "T": 400,
  "L": 200,
  "N": 20001,
  "init_type": "tanh",
  "steepness": 0.85,
  "perc": 0.4,
  "t_start": 100,
  "t_end": 350,
  "num_points": 250,
  "saved_stride": 150
}