{
  "lambda_val": 5,
  "m0": 0.3,
  "alpha": 0.05,
  "wave_speed": 0.3692149931819993,
  "r2": 0.9980723518697331,
  "m_threshold": 0.15,
  "m_wave_speed": 0.36656343173558886,
  "m_r2": 0.9980518532951014,
  "dt": 0.1,
  "T": 200,
  "L": 200,
  "N": 20001,
  "init_type": "tanh",
  "t_start": 100,
  "t_end": 140,
  "saved_stride": 150
}