{
  "lambda_val": 1,
  "m0": 0.3,
  "wave_speed": 0.9217485020739123,
  "r2": 0.9999920062931685,
  "m_threshold": 0.15,
  "m_wave_speed": 0.9217947077551537,
  "m_r2": 0.9999915195583188,
  "dt": 0.1,
  "T": 200,
  "L": 200,
  "N": 20001,
  "init_type": "tanh",
  "t_start": 60,
  "t_end": 180,
  "saved_stride": 150
}