{
  "lambda_val": 0.01,
  "m0": 0.7,
  "wave_speed": 0.922000339790779,
  "r2": 0.9999918772519756,
  "m_threshold": 0.35,
  "m_wave_speed": 0.9327150138380109,
  "m_r2": 0.9999851315322319,
  "dt": 0.1,
  "T": 200,
  "L": 200,
  "N": 20001,
  "init_type": "tanh",
  "t_start": 60,
  "t_end": 180,
  "saved_stride": 150
}