{
  "lambda_val": 0.001,
  "alpha": 0.001,
  "m0": 0.2,
  "wave_speed": 0.8894662739707228,
  "r2": 0.9999773551854585,
  "dt": 0.1,
  "T": 200,
  "L": 200,
  "N": 5001,
  "init_type": "tanh",
  "t_start": 60,
  "t_end": 180,
  "saved_stride": 150
}