{
  "lambda_val": 5,
  "m0": 1,
  "alpha": 0.05,
  "wave_speed": 0.14953174526614155,
  "r2": 0.9999982153801636,
  "m_threshold": 0.5,
  "m_wave_speed": 0.1499592657078478,
  "m_r2": 0.999992363937293,
  "dt": 0.1,
  "T": 200,
  "L": 200,
  "N": 20001,
  "init_type": "tanh",
  "t_start": 100,
  "t_end": 140,
  "saved_stride": 150
}