{
  "lambda_val": 10,
  "m0": 0.7,
  "alpha": 0.05,
  "wave_speed": 0.3409045259272945,
  "r2": 0.9977809891585971,
  "m_threshold": 0.35,
  "m_wave_speed": 0.33418599303807434,
  "m_r2": 0.9977661265503778,
  "dt": 0.1,
  "T": 200,
  "L": 200,
  "N": 20001,
  "init_type": "tanh",
  "t_start": 100,
  "t_end": 140,
  "saved_stride": 150
}