{
  "lambda_val": 5.0,
  "alpha": 1000.0,
  "m0": 0.6,
  "wave_speed": 0.15431169299583644,
  "r2": 0.9999998467353556,
  "dt": 0.1,
  "T": 400,
  "L": 200,
  "N": 20001,
  "init_type": "tanh",
  "steepness": 0.85,
  "perc": 0.4,
  "t_start": 100,
  "t_end": 350,
  "num_points": 250,
  "saved_stride": 150
}