{
  "lambda_val": 5,
  "m0": 0.4,
  "alpha": 0.01,
  "wave_speed": 0.8430503255484573,
  "r2": 0.9999173597629939,
  "m_threshold": 0.2,
  "m_wave_speed": 0.8387102366835991,
  "m_r2": 0.9999318380417394,
  "dt": 0.1,
  "T": 200,
  "L": 200,
  "N": 20001,
  "init_type": "tanh",
  "t_start": 100,
  "t_end": 140,
  "saved_stride": 150
}