{
  "lambda_val": 5,
  "m0": 0.6,
  "alpha": 1,
  "wave_speed": 0.15550921678470297,
  "r2": 0.9999955157006036,
  "m_threshold": 0.3,
  "m_wave_speed": 0.15554396271693868,
  "m_r2": 0.9999940789794844,
  "dt": 0.1,
  "T": 200,
  "L": 200,
  "N": 20001,
  "init_type": "tanh",
  "t_start": 100,
  "t_end": 140,
  "saved_stride": 150
}