{
  "lambda_val": 1,
  "m0": 1,
  "alpha": 10,
  "wave_speed": 0.12054891753939183,
  "r2": 0.9999938282092153,
  "m_threshold": 0.5,
  "m_wave_speed": null,
  "m_r2": null,
  "dt": 0.1,
  "T": 200,
  "L": 200,
  "N": 20001,
  "init_type": "tanh",
  "t_start": 100,
  "t_end": 140,
  "saved_stride": 150
}