{
  "lambda_val": 0.01,
  "m0": 0.95,
  "alpha": 0.001,
  "wave_speed": 0.4172970850539376,
  "r2": 0.999982213158028,
  "m_threshold": 0.475,
  "m_wave_speed": 0.5548860472570301,
  "m_r2": 0.99521949746452,
  "dt": 0.1,
  "T": 200,
  "L": 200,
  "N": 20001,
  "init_type": "tanh",
  "t_start": 100,
  "t_end": 140,
  "saved_stride": 150
}