{
  "lambda_val": 100000.0,
  "m0": 0.7,
  "wave_speed": 0.9206240338755696,
  "r2": 0.9999954079185829,
  "m_threshold": 0.35,
  "m_wave_speed": 0.9189480128323069,
  "m_r2": 0.999995993156445,
  "dt": 0.1,
  "T": 200,
  "L": 200,
  "N": 20001,
  "init_type": "tanh",
  "t_start": 60,
  "t_end": 180,
  "saved_stride": 150
}