{
  "lambda_val": 0.1,
  "alpha": 0.01,
  "m0": 0.3,
  "wave_speed": 0.9188853441515139,
  "r2": 0.9995139095000809,
  "dt": 0.1,
  "T": 200,
  "L": 200,
  "N": 5001,
  "init_type": "tanh",
  "t_start": 60,
  "t_end": 180,
  "saved_stride": 150
}