{
  "lambda_val": 100000.0,
  "m0": 0.9,
  "alpha": 0.05,
  "wave_speed": 0.331357789958792,
  "r2": 0.9976664934112393,
  "m_threshold": 0.45,
  "m_wave_speed": 0.2983407433433509,
  "m_r2": 0.9979917967066567,
  "dt": 0.1,
  "T": 200,
  "L": 200,
  "N": 20001,
  "init_type": "tanh",
  "t_start": 100,
  "t_end": 140,
  "saved_stride": 150
}