{
  "lambda_val": 1000000.0,
  "m0": 0.4,
  "alpha": 0.01,
  "wave_speed": 0.8718764512205505,
  "r2": 0.999932161481534,
  "m_threshold": 0.2,
  "m_wave_speed": 0.851934157237845,
  "m_r2": 0.9999604388647931,
  "dt": 0.1,
  "T": 200,
  "L": 200,
  "N": 20001,
  "init_type": "tanh",
  "t_start": 100,
  "t_end": 140,
  "saved_stride": 150
}