{
  "lambda_val": 1000000.0,
  "m0": 0.5,
  "alpha": 0.05,
  "wave_speed": 0.4542968524708835,
  "r2": 0.9982094873851975,
  "m_threshold": 0.25,
  "m_wave_speed": 0.4035870147158124,
  "m_r2": 0.9978078229865829,
  "dt": 0.1,
  "T": 200,
  "L": 200,
  "N": 20001,
  "init_type": "tanh",
  "t_start": 100,
  "t_end": 140,
  "saved_stride": 150
}