{
  "lambda_val": 0.1,
  "alpha": 0.001,
  "m0": 0.1,
  "wave_speed": 0.7750177862936938,
  "r2": 0.9997372317209046,
  "dt": 0.1,
  "T": 200,
  "L": 200,
  "N": 5001,
  "init_type": "tanh",
  "t_start": 60,
  "t_end": 180,
  "saved_stride": 150
}