{
  "lambda_val": 5,
  "m0": 0.8,
  "alpha": 100,
  "wave_speed": 0.1267926778018699,
  "r2": 0.9999949797314187,
  "m_threshold": 0.4,
  "m_wave_speed": null,
  "m_r2": null,
  "dt": 0.1,
  "T": 200,
  "L": 200,
  "N": 20001,
  "init_type": "tanh",
  "t_start": 100,
  "t_end": 140,
  "saved_stride": 150
}