{
  "lambda_val": 1000000.0,
  "m0": 0.4,
  "alpha": 100000.0,
  "wave_speed": 0.19155152319832422,
  "r2": 0.9999952661314016,
  "m_threshold": 0.2,
  "m_wave_speed": 0.19157257993426505,
  "m_r2": 0.9999947962740847,
  "dt": 0.1,
  "T": 200,
  "L": 200,
  "N": 20001,
  "init_type": "tanh",
  "t_start": 100,
  "t_end": 140,
  "saved_stride": 150
}