{
  "lambda_val": 1000000.0,
  "m0": 0.8,
  "alpha": 0.05,
  "wave_speed": 0.38620429203075385,
  "r2": 0.9976964984831886,
  "m_threshold": 0.4,
  "m_wave_speed": 0.33903807861850654,
  "m_r2": 0.9976521888972716,
  "dt": 0.1,
  "T": 200,
  "L": 200,
  "N": 20001,
  "init_type": "tanh",
  "t_start": 100,
  "t_end": 140,
  "saved_stride": 150
}