{
  "lambda_val": 0.5,
  "alpha": 0.01,
  "m0": 0.95,
  "wave_speed": 0.3232489600104588,
  "r2": 0.998047086356457,
  "dt": 0.1,
  "T": 200,
  "L": 200,
  "N": 5001,
  "init_type": "tanh",
  "t_start": 60,
  "t_end": 180,
  "saved_stride": 150
}