{
  "lambda_val": 0.001,
  "m0": 0.7,
  "wave_speed": 0.9219945810578941,
  "r2": 0.9999918815895197,
  "m_threshold": 0.35,
  "m_wave_speed": null,
  "m_r2": null,
  "dt": 0.1,
  "T": 200,
  "L": 200,
  "N": 20001,
  "init_type": "tanh",
  "t_start": 60,
  "t_end": 180,
  "saved_stride": 150
}