{
  "lambda_val": 100,
  "m0": 0.95,
  "wave_speed": 0.6715035707551322,
  "r2": 0.999998541064082,
  "m_threshold": 0.475,
  "m_wave_speed": 0.6714081924264232,
  "m_r2": 0.999999195094654,
  "dt": 0.1,
  "T": 200,
  "L": 200,
  "N": 20001,
  "init_type": "tanh",
  "t_start": 60,
  "t_end": 180,
  "saved_stride": 150
}