{
  "lambda_val": 5.0,
  "alpha": 0.01,
  "m0": 1.0,
  "wave_speed": 0.21628052922002214,
  "r2": 0.9999993267403174,
  "dt": 0.1,
  "T": 200,
  "L": 200,
  "N": 5001,
  "init_type": "tanh",
  "t_start": 60,
  "t_end": 180,
  "saved_stride": 150
}