{
  "lambda_val": 1000,
  "m0": 0.9,
  "wave_speed": 0.7451768859574653,
  "r2": 0.999999067093476,
  "m_threshold": 0.45,
  "m_wave_speed": 0.7451898788975386,
  "m_r2": 0.9999988685336362,
  "dt": 0.1,
  "T": 200,
  "L": 200,
  "N": 20001,
  "init_type": "tanh",
  "t_start": 60,
  "t_end": 180,
  "saved_stride": 150
}