{
  "lambda_val": 0.01,
  "m0": 0.6,
  "wave_speed": 0.9815270809910175,
  "r2": 0.9999953698010917,
  "m_threshold": 0.3,
  "m_wave_speed": 0.9860151189399904,
  "m_r2": 0.9999953114099048,
  "dt": 0.1,
  "T": 200,
  "L": 200,
  "N": 20001,
  "init_type": "tanh",
  "t_start": 60,
  "t_end": 180,
  "saved_stride": 150
}