{
  "lambda_val": 5,
  "m0": 0.6,
  "alpha": 0.05,
  "wave_speed": 0.3348272992528938,
  "r2": 0.997971180411003,
  "m_threshold": 0.3,
  "m_wave_speed": 0.3304937416121952,
  "m_r2": 0.9979226555621104,
  "dt": 0.1,
  "T": 200,
  "L": 200,
  "N": 20001,
  "init_type": "tanh",
  "t_start": 100,
  "t_end": 140,
  "saved_stride": 150
}