{
  "lambda_val": 0.0001,
  "alpha": 0.0001,
  "m0": 0.1,
  "wave_speed": 0.6295709777246183,
  "r2": 0.999992757101981,
  "dt": 0.1,
  "T": 400,
  "L": 200,
  "N": 20001,
  "init_type": "tanh",
  "steepness": 0.85,
  "perc": 0.4,
  "t_start": 100,
  "t_end": 350,
  "num_points": 250,
  "saved_stride": 150
}