{
  "lambda_val": 100000.0,
  "m0": 0.9,
  "alpha": 0.01,
  "wave_speed": 0.6442065353754581,
  "r2": 0.999955993844243,
  "m_threshold": 0.45,
  "m_wave_speed": 0.6340967839319652,
  "m_r2": 0.9999566344212721,
  "dt": 0.1,
  "T": 200,
  "L": 200,
  "N": 20001,
  "init_type": "tanh",
  "t_start": 100,
  "t_end": 140,
  "saved_stride": 150
}