{
  "lambda_val": 0.01,
  "alpha": 0.17,
  "m0": 0.2,
  "wave_speed": 0.15178172894017913,
  "r2": 0.9966056035179434,
  "dt": 0.1,
  "T": 400,
  "L": 200,
  "N": 20001,
  "init_type": "tanh",
  "steepness": 0.85,
  "perc": 0.4,
  "t_start": 100,
  "t_end": 350,
  "num_points": 250,
  "saved_stride": 150
}