{
  "lambda_val": 1000,
  "m0": 0.4,
  "wave_speed": 0.9785817568274408,
  "r2": 0.9999946261095131,
  "m_threshold": 0.2,
  "m_wave_speed": 0.9781815752281564,
  "m_r2": 0.999991299986636,
  "dt": 0.1,
  "T": 200,
  "L": 200,
  "N": 20001,
  "init_type": "tanh",
  "t_start": 60,
  "t_end": 180,
  "saved_stride": 150
}