{
  "lambda_val": 100,
  "m0": 0.4,
  "alpha": 0.001,
  "wave_speed": 0.9902365008927944,
  "r2": 0.9999712046045327,
  "m_threshold": 0.2,
  "m_wave_speed": 0.989509876290403,
  "m_r2": 0.9999643457259719,
  "dt": 0.1,
  "T": 200,
  "L": 200,
  "N": 20001,
  "init_type": "tanh",
  "t_start": 100,
  "t_end": 140,
  "saved_stride": 150
}