{
  "lambda_val": 100,
  "m0": 0.3,
  "alpha": 0.01,
  "wave_speed": 0.8937118467578491,
  "r2": 0.9999510131314824,
  "m_threshold": 0.15,
  "m_wave_speed": 0.8844652122280028,
  "m_r2": 0.9999350835910223,
  "dt": 0.1,
  "T": 200,
  "L": 200,
  "N": 20001,
  "init_type": "tanh",
  "t_start": 100,
  "t_end": 140,
  "saved_stride": 150
}