{
  "lambda_val": 1,
  "m0": 0.9,
  "alpha": 0.05,
  "wave_speed": 0.20314595229780327,
  "r2": 0.9988405731507227,
  "m_threshold": 0.45,
  "m_wave_speed": 0.20497480327506729,
  "m_r2": 0.9988256884013453,
  "dt": 0.1,
  "T": 200,
  "L": 200,
  "N": 20001,
  "init_type": "tanh",
  "t_start": 100,
  "t_end": 140,
  "saved_stride": 150
}