{
  "lambda_val": 1.0,
  "alpha": 0.5,
  "m0": 0.4,
  "wave_speed": 0.19371932942824754,
  "r2": 0.9999812432938318,
  "dt": 0.1,
  "T": 200,
  "L": 200,
  "N": 5001,
  "init_type": "tanh",
  "t_start": 60,
  "t_end": 180,
  "saved_stride": 150
}