{
  "lambda_val": 0.5,
  "alpha": 5.0,
  "m0": 0.6,
  "wave_speed": 0.15553662215154224,
  "r2": 0.9999908066870487,
  "dt": 0.1,
  "T": 200,
  "L": 200,
  "N": 5001,
  "init_type": "tanh",
  "t_start": 60,
  "t_end": 180,
  "saved_stride": 150
}