{
  "lambda_val": 1.0,
  "alpha": 0.1,
  "m0": 0.5,
  "wave_speed": 0.23979656610637717,
  "r2": 0.989411454336928,
  "dt": 0.1,
  "T": 200,
  "L": 200,
  "N": 5001,
  "init_type": "tanh",
  "t_start": 60,
  "t_end": 180,
  "saved_stride": 150
}