{
  "lambda_val": 1,
  "m0": 0.8,
  "alpha": 1,
  "wave_speed": 0.13315890524997812,
  "r2": 0.9999953118171035,
  "m_threshold": 0.4,
  "m_wave_speed": null,
  "m_r2": null,
  "dt": 0.1,
  "T": 200,
  "L": 200,
  "N": 20001,
  "init_type": "tanh",
  "t_start": 100,
  "t_end": 140,
  "saved_stride": 150
}