{
  "lambda_val": 5,
  "m0": 0.99,
  "alpha": 0.01,
  "wave_speed": 0.3932265096806749,
  "r2": 0.9999319762803107,
  "m_threshold": 0.495,
  "m_wave_speed": 0.3919275007673104,
  "m_r2": 0.9999304814302351,
  "dt": 0.1,
  "T": 200,
  "L": 200,
  "N": 20001,
  "init_type": "tanh",
  "t_start": 100,
  "t_end": 140,
  "saved_stride": 150
}