{
  "lambda_val": 1000,
  "m0": 0.3,
  "alpha": 0.05,
  "wave_speed": 0.4530502175600216,
  "r2": 0.9982022366063316,
  "m_threshold": 0.15,
  "m_wave_speed": 0.4292208417092614,
  "m_r2": 0.998002185190942,
  "dt": 0.1,
  "T": 200,
  "L": 200,
  "N": 20001,
  "init_type": "tanh",
  "t_start": 100,
  "t_end": 140,
  "saved_stride": 150
}