{
  "lambda_val": 1,
  "m0": 0.5,
  "alpha": 0.05,
  "wave_speed": 0.31540037908831703,
  "r2": 0.9986853833184275,
  "m_threshold": 0.25,
  "m_wave_speed": 0.31814544529687705,
  "m_r2": 0.99866822669682,
  "dt": 0.1,
  "T": 200,
  "L": 200,
  "N": 20001,
  "init_type": "tanh",
  "t_start": 100,
  "t_end": 140,
  "saved_stride": 150
}