{
  "lambda_val": 5.0,
  "alpha": 0.001,
  "m0": 0.01,
  "wave_speed": 0.6229906135008311,
  "r2": 0.9972666475393951,
  "dt": 0.1,
  "T": 200,
  "L": 200,
  "N": 5001,
  "init_type": "tanh",
  "t_start": 60,
  "t_end": 180,
  "saved_stride": 150
}