{
  "lambda_val": 100,
  "m0": 0.3,
  "alpha": 0.05,
  "wave_speed": 0.43977868358989397,
  "r2": 0.9981208817952654,
  "m_threshold": 0.15,
  "m_wave_speed": 0.4248613749698818,
  "m_r2": 0.9979994520794329,
  "dt": 0.1,
  "T": 200,
  "L": 200,
  "N": 20001,
  "init_type": "tanh",
  "t_start": 100,
  "t_end": 140,
  "saved_stride": 150
}