{
  "lambda_val": 10.0,
  "alpha": 0.5,
  "m0": 0.8,
  "wave_speed": 0.23243540140154753,
  "r2": 0.9999976181299813,
  "dt": 0.1,
  "T": 200,
  "L": 200,
  "N": 5001,
  "init_type": "tanh",
  "t_start": 60,
  "t_end": 180,
  "saved_stride": 150
}