{
  "lambda_val": 0.01,
  "m0": 0.4,
  "alpha": 0.001,
  "wave_speed": 0.992978338414334,
  "r2": 0.9998755630776249,
  "m_threshold": 0.2,
  "m_wave_speed": 0.8471814264968177,
  "m_r2": 0.9999558808092548,
  "dt": 0.1,
  "T": 200,
  "L": 200,
  "N": 20001,
  "init_type": "tanh",
  "t_start": 100,
  "t_end": 140,
  "saved_stride": 150
}