{
  "lambda_val": 100000.0,
  "m0": 0.7,
  "alpha": 0.001,
  "wave_speed": 0.8969463320065747,
  "r2": 0.999992746475943,
  "m_threshold": 0.35,
  "m_wave_speed": 0.8917652520670534,
  "m_r2": 0.9999873866259726,
  "dt": 0.1,
  "T": 200,
  "L": 200,
  "N": 20001,
  "init_type": "tanh",
  "t_start": 100,
  "t_end": 140,
  "saved_stride": 150
}