{
  "lambda_val": 5.0,
  "alpha": 0.001,
  "m0": 0.3,
  "wave_speed": 0.9600975906803878,
  "r2": 0.9999946436945666,
  "dt": 0.1,
  "T": 200,
  "L": 200,
  "N": 5001,
  "init_type": "tanh",
  "t_start": 60,
  "t_end": 180,
  "saved_stride": 150
}