{
  "lambda_val": 1,
  "m0": 0.6,
  "alpha": 0.01,
  "wave_speed": 0.712297170451896,
  "r2": 0.9996556660246557,
  "m_threshold": 0.3,
  "m_wave_speed": 0.7120542861303083,
  "m_r2": 0.9996614719027739,
  "dt": 0.1,
  "T": 200,
  "L": 200,
  "N": 20001,
  "init_type": "tanh",
  "t_start": 100,
  "t_end": 140,
  "saved_stride": 150
}