{
  "lambda_val": 1,
  "m0": 0.5,
  "wave_speed": 1.0005996952099143,
  "r2": 0.9999957780823802,
  "m_threshold": 0.25,
  "m_wave_speed": 1.0004143978956461,
  "m_r2": 0.9999963686887502,
  "dt": 0.1,
  "T": 200,
  "L": 200,
  "N": 20001,
  "init_type": "tanh",
  "t_start": 60,
  "t_end": 180,
  "saved_stride": 150
}