{
  "lambda_val": 10,
  "m0": 0.95,
  "alpha": 0.001,
  "wave_speed": 0.6250452767540269,
  "r2": 0.9999951511642414,
  "m_threshold": 0.475,
  "m_wave_speed": 0.6247630361236155,
  "m_r2": 0.9999951516336603,
  "dt": 0.1,
  "T": 200,
  "L": 200,
  "N": 20001,
  "init_type": "tanh",
  "t_start": 100,
  "t_end": 140,
  "saved_stride": 150
}