{
  "lambda_val": 1000,
  "m0": 0.99,
  "alpha": 0.01,
  "wave_speed": 0.46575236452022534,
  "r2": 0.9999344789899929,
  "m_threshold": 0.495,
  "m_wave_speed": 0.4603832761044288,
  "m_r2": 0.9999328754481437,
  "dt": 0.1,
  "T": 200,
  "L": 200,
  "N": 20001,
  "init_type": "tanh",
  "t_start": 100,
  "t_end": 140,
  "saved_stride": 150
}