{
  "lambda_val": 100,
  "m0": 0.3,
  "wave_speed": 0.9193201517036522,
  "r2": 0.9999930498277515,
  "m_threshold": 0.15,
  "m_wave_speed": 0.9183629425510879,
  "m_r2": 0.9999936934433808,
  "dt": 0.1,
  "T": 200,
  "L": 200,
  "N": 20001,
  "init_type": "tanh",
  "t_start": 60,
  "t_end": 180,
  "saved_stride": 150
}