{
  "lambda_val": 0.001,
  "alpha": 0.1,
  "m0": 0.7,
  "wave_speed": 0.19391490407532508,
  "r2": 0.9905291242749231,
  "dt": 0.1,
  "T": 200,
  "L": 200,
  "N": 5001,
  "init_type": "tanh",
  "t_start": 60,
  "t_end": 180,
  "saved_stride": 150
}