{
  "lambda_val": 1000000.0,
  "m0": 1,
  "wave_speed": 0.16416686071086653,
  "r2": 0.9999993508348416,
  "m_threshold": 0.5,
  "m_wave_speed": 0.1641672254339426,
  "m_r2": 0.9999992016436495,
  "dt": 0.1,
  "T": 200,
  "L": 200,
  "N": 20001,
  "init_type": "tanh",
  "t_start": 60,
  "t_end": 180,
  "saved_stride": 150
}