{
  "lambda_val": 1000000.0,
  "m0": 0.7,
  "wave_speed": 0.9194696964741417,
  "r2": 0.9999951243736455,
  "m_threshold": 0.35,
  "m_wave_speed": 0.9177403400395037,
  "m_r2": 0.999996702388095,
  "dt": 0.1,
  "T": 200,
  "L": 200,
  "N": 20001,
  "init_type": "tanh",
  "t_start": 60,
  "t_end": 180,
  "saved_stride": 150
}