{
  "lambda_val": 10000000.0,
  "alpha": 0.14,
  "m0": 0.05,
  "wave_speed": 0.17634083859946956,
  "r2": 0.9993295737928187,
  "dt": 0.1,
  "T": 400,
  "L": 200,
  "N": 20001,
  "init_type": "tanh",
  "steepness": 0.85,
  "perc": 0.4,
  "t_start": 100,
  "t_end": 350,
  "num_points": 250,
  "saved_stride": 150
}