{
  "lambda_val": 1000000.0,
  "m0": 0.7,
  "alpha": 0.05,
  "wave_speed": 0.41600119103762484,
  "r2": 0.9978897570969641,
  "m_threshold": 0.35,
  "m_wave_speed": 0.366283182848055,
  "m_r2": 0.9976528894107843,
  "dt": 0.1,
  "T": 200,
  "L": 200,
  "N": 20001,
  "init_type": "tanh",
  "t_start": 100,
  "t_end": 140,
  "saved_stride": 150
}