{
  "lambda_val": 0.01,
  "m0": 0.9,
  "wave_speed": 0.6055364725186781,
  "r2": 0.9999523383780815,
  "m_threshold": 0.45,
  "m_wave_speed": 0.6734570677460207,
  "m_r2": 0.9982106072846695,
  "dt": 0.1,
  "T": 200,
  "L": 200,
  "N": 20001,
  "init_type": "tanh",
  "t_start": 60,
  "t_end": 180,
  "saved_stride": 150
}