{
  "lambda_val": 1000000.0,
  "m0": 0.9,
  "alpha": 0.001,
  "wave_speed": 0.7335783614072842,
  "r2": 0.9999951643398782,
  "m_threshold": 0.45,
  "m_wave_speed": 0.7319374395250277,
  "m_r2": 0.9999951666056954,
  "dt": 0.1,
  "T": 200,
  "L": 200,
  "N": 20001,
  "init_type": "tanh",
  "t_start": 100,
  "t_end": 140,
  "saved_stride": 150
}