{
  "lambda_val": 0.001,
  "alpha": 0.14,
  "m0": 0.99,
  "wave_speed": 0.0316217133439087,
  "r2": 0.9999614543969559,
  "dt": 0.1,
  "T": 400,
  "L": 200,
  "N": 20001,
  "init_type": "tanh",
  "steepness": 0.85,
  "perc": 0.4,
  "t_start": 100,
  "t_end": 350,
  "num_points": 250,
  "saved_stride": 150
}