{
  "lambda_val": 100000.0,
  "m0": 0.95,
  "alpha": 0.01,
  "wave_speed": 0.5889772492281238,
  "r2": 0.999955619210585,
  "m_threshold": 0.475,
  "m_wave_speed": 0.5797444288938356,
  "m_r2": 0.9999552915994637,
  "dt": 0.1,
  "T": 200,
  "L": 200,
  "N": 20001,
  "init_type": "tanh",
  "t_start": 100,
  "t_end": 140,
  "saved_stride": 150
}