{
  "lambda_val": 0.05,
  "m0": 0.95,
  "alpha": 0.01,
  "wave_speed": 0.27775735433184484,
  "r2": 0.9994934259191338,
  "m_threshold": 0.475,
  "m_wave_speed": 0.2982328310276589,
  "m_r2": 0.9994065064378997,
  "dt": 0.1,
  "T": 200,
  "L": 200,
  "N": 20001,
  "init_type": "tanh",
  "t_start": 100,
  "t_end": 140,
  "saved_stride": 150
}