{
  "lambda_val": 100000.0,
  "m0": 0.99,
  "alpha": 0.001,
  "wave_speed": 0.5396273159082352,
  "r2": 0.9999951988546014,
  "m_threshold": 0.495,
  "m_wave_speed": 0.5387420308250754,
  "m_r2": 0.9999951984518293,
  "dt": 0.1,
  "T": 200,
  "L": 200,
  "N": 20001,
  "init_type": "tanh",
  "t_start": 100,
  "t_end": 140,
  "saved_stride": 150
}