{
  "lambda_val": 1,
  "m0": 0.9,
  "alpha": 0.001,
  "wave_speed": 0.5946991164907938,
  "r2": 0.9999917192926512,
  "m_threshold": 0.45,
  "m_wave_speed": 0.5945350683653011,
  "m_r2": 0.9999917561805174,
  "dt": 0.1,
  "T": 200,
  "L": 200,
  "N": 20001,
  "init_type": "tanh",
  "t_start": 100,
  "t_end": 140,
  "saved_stride": 150
}