{
  "lambda_val": 1000,
  "m0": 0.7,
  "alpha": 10,
  "wave_speed": 0.19975208955223886,
  "r2": 0.9999950901702582,
  "m_threshold": 0.35,
  "m_wave_speed": null,
  "m_r2": null,
  "dt": 0.1,
  "T": 200,
  "L": 200,
  "N": 20001,
  "init_type": "tanh",
  "t_start": 100,
  "t_end": 140,
  "saved_stride": 150
}