{
  "lambda_val": 0.5,
  "alpha": 10.0,
  "m0": 0.2,
  "wave_speed": 0.12988169822346063,
  "r2": 0.999992606504909,
  "dt": 0.1,
  "T": 200,
  "L": 200,
  "N": 5001,
  "init_type": "tanh",
  "t_start": 60,
  "t_end": 180,
  "saved_stride": 150
}