{
  "lambda_val": 10,
  "m0": 1,
  "alpha": 0.05,
  "wave_speed": 0.15632772823242644,
  "r2": 0.9999950736634152,
  "m_threshold": 0.5,
  "m_wave_speed": 0.15632600508008543,
  "m_r2": 0.9999936520048344,
  "dt": 0.1,
  "T": 200,
  "L": 200,
  "N": 20001,
  "init_type": "tanh",
  "t_start": 100,
  "t_end": 140,
  "saved_stride": 150
}