{
  "lambda_val": 1000,
  "m0": 0.8,
  "wave_speed": 0.8392318819671218,
  "r2": 0.999997622487091,
  "m_threshold": 0.4,
  "m_wave_speed": 0.8388720066868481,
  "m_r2": 0.999998321680312,
  "dt": 0.1,
  "T": 200,
  "L": 200,
  "N": 20001,
  "init_type": "tanh",
  "t_start": 60,
  "t_end": 180,
  "saved_stride": 150
}