{
  "lambda_val": 1000,
  "m0": 0.95,
  "alpha": 100,
  "wave_speed": 0.19031080941136802,
  "r2": 0.9999950201515229,
  "m_threshold": 0.475,
  "m_wave_speed": 0.1903551577526055,
  "m_r2": 0.9999948114155934,
  "dt": 0.1,
  "T": 200,
  "L": 200,
  "N": 20001,
  "init_type": "tanh",
  "t_start": 100,
  "t_end": 140,
  "saved_stride": 150
}