{
  "lambda_val": 0.01,
  "alpha": 1.0,
  "m0": 0.95,
  "wave_speed": 0.06957913279382807,
  "r2": 0.999999366694769,
  "dt": 0.1,
  "T": 200,
  "L": 200,
  "N": 5001,
  "init_type": "tanh",
  "t_start": 60,
  "t_end": 180,
  "saved_stride": 150
}