{
  "lambda_val": 1000000.0,
  "m0": 0,
  "alpha": 0.001,
  "wave_speed": 0.5747205587712564,
  "r2": 0.9994823697927916,
  "m_threshold": 0.0,
  "m_wave_speed": null,
  "m_r2": null,
  "dt": 0.1,
  "T": 200,
  "L": 200,
  "N": 20001,
  "init_type": "tanh",
  "t_start": 100,
  "t_end": 140,
  "saved_stride": 150
}