{
  "lambda_val": 1000000.0,
  "m0": 0.2,
  "alpha": 100,
  "wave_speed": 0.21074407936056136,
  "r2": 0.9999950835405635,
  "m_threshold": 0.1,
  "m_wave_speed": null,
  "m_r2": null,
  "dt": 0.1,
  "T": 200,
  "L": 200,
  "N": 20001,
  "init_type": "tanh",
  "t_start": 100,
  "t_end": 140,
  "saved_stride": 150
}