{
  "lambda_val": 100000.0,
  "m0": 0.3,
  "wave_speed": 0.9141467392925299,
  "r2": 0.9999957787770553,
  "m_threshold": 0.15,
  "m_wave_speed": 0.9125674037513433,
  "m_r2": 0.9999963318360833,
  "dt": 0.1,
  "T": 200,
  "L": 200,
  "N": 20001,
  "init_type": "tanh",
  "t_start": 60,
  "t_end": 180,
  "saved_stride": 150
}