{
  "lambda_val": 10,
  "m0": 0.99,
  "alpha": 0.01,
  "wave_speed": 0.4213240137186604,
  "r2": 0.9999311635067419,
  "m_threshold": 0.495,
  "m_wave_speed": 0.41960830870698,
  "m_r2": 0.9999308031786246,
  "dt": 0.1,
  "T": 200,
  "L": 200,
  "N": 20001,
  "init_type": "tanh",
  "t_start": 100,
  "t_end": 140,
  "saved_stride": 150
}