{
  "lambda_val": 0.5,
  "alpha": 1000.0,
  "m0": 1.0,
  "wave_speed": 0.015180976135882054,
  "r2": 0.9999998447171956,
  "dt": 0.1,
  "T": 400,
  "L": 200,
  "N": 20001,
  "init_type": "tanh",
  "steepness": 0.85,
  "perc": 0.4,
  "t_start": 100,
  "t_end": 350,
  "num_points": 250,
  "saved_stride": 150
}