{
  "lambda_val": 1000,
  "m0": 0.5,
  "alpha": 0.001,
  "wave_speed": 0.9910936040731162,
  "r2": 0.9998953945586,
  "m_threshold": 0.25,
  "m_wave_speed": 0.9883564335222342,
  "m_r2": 0.9999838384282652,
  "dt": 0.1,
  "T": 200,
  "L": 200,
  "N": 20001,
  "init_type": "tanh",
  "t_start": 100,
  "t_end": 140,
  "saved_stride": 150
}