{
  "lambda_val": 1000,
  "m0": 0.3,
  "wave_speed": 0.9176762302200865,
  "r2": 0.9999936788610718,
  "m_threshold": 0.15,
  "m_wave_speed": 0.9163763983897694,
  "m_r2": 0.9999945760811664,
  "dt": 0.1,
  "T": 200,
  "L": 200,
  "N": 20001,
  "init_type": "tanh",
  "t_start": 60,
  "t_end": 180,
  "saved_stride": 150
}