{
  "lambda_val": 100,
  "m0": 0.5,
  "wave_speed": 0.9990607223255953,
  "r2": 0.9999962402833014,
  "m_threshold": 0.25,
  "m_wave_speed": 0.9988815684770223,
  "m_r2": 0.9999966850384353,
  "dt": 0.1,
  "T": 200,
  "L": 200,
  "N": 20001,
  "init_type": "tanh",
  "t_start": 60,
  "t_end": 180,
  "saved_stride": 150
}