{
  "lambda_val": 0.5,
  "alpha": 1.0,
  "m0": 0.3,
  "wave_speed": 0.1662594434860893,
  "r2": 0.9999903528328605,
  "dt": 0.1,
  "T": 200,
  "L": 200,
  "N": 5001,
  "init_type": "tanh",
  "t_start": 60,
  "t_end": 180,
  "saved_stride": 150
}