{
  "lambda_val": 5,
  "m0": 0.3,
  "alpha": 0.001,
  "wave_speed": 0.9623036940017811,
  "r2": 0.9999554658836434,
  "m_threshold": 0.15,
  "m_wave_speed": 0.9599867578785315,
  "m_r2": 0.999957036215804,
  "dt": 0.1,
  "T": 200,
  "L": 200,
  "N": 20001,
  "init_type": "tanh",
  "t_start": 100,
  "t_end": 140,
  "saved_stride": 150
}