{
  "lambda_val": 5,
  "m0": 0.99,
  "alpha": 0.05,
  "wave_speed": 0.19324968886151697,
  "r2": 0.999402364194784,
  "m_threshold": 0.495,
  "m_wave_speed": 0.19063419075203608,
  "m_r2": 0.9993973350903871,
  "dt": 0.1,
  "T": 200,
  "L": 200,
  "N": 20001,
  "init_type": "tanh",
  "t_start": 100,
  "t_end": 140,
  "saved_stride": 150
}