{
  "lambda_val": 10.0,
  "alpha": 10.0,
  "m0": 1.0,
  "wave_speed": 0.23903744732735224,
  "r2": 0.999998816606909,
  "dt": 0.1,
  "T": 200,
  "L": 200,
  "N": 5001,
  "init_type": "tanh",
  "t_start": 60,
  "t_end": 180,
  "saved_stride": 150
}