{
  "lambda_val": 1.0,
  "alpha": 0.01,
  "m0": 0.7,
  "wave_speed": 0.666528708868449,
  "r2": 0.9973767475979425,
  "dt": 0.1,
  "T": 200,
  "L": 200,
  "N": 5001,
  "init_type": "tanh",
  "t_start": 60,
  "t_end": 180,
  "saved_stride": 150
}