{
  "lambda_val": 0.1,
  "alpha": 0.11,
  "m0": 0.95,
  "wave_speed": 0.09348257717682472,
  "r2": 0.9999997944802445,
  "dt": 0.1,
  "T": 400,
  "L": 200,
  "N": 20001,
  "init_type": "tanh",
  "steepness": 0.85,
  "perc": 0.4,
  "t_start": 100,
  "t_end": 350,
  "num_points": 250,
  "saved_stride": 150
}