{
  "lambda_val": 0.5,
  "alpha": 0.001,
  "m0": 1.0,
  "wave_speed": 0.16794368795776554,
  "r2": 0.9999992340127092,
  "dt": 0.1,
  "T": 200,
  "L": 200,
  "N": 5001,
  "init_type": "tanh",
  "t_start": 60,
  "t_end": 180,
  "saved_stride": 150
}