{
  "lambda_val": 10,
  "m0": 0.7,
  "wave_speed": 0.924031478387753,
  "r2": 0.9999920676170508,
  "m_threshold": 0.35,
  "m_wave_speed": 0.9233313319428056,
  "m_r2": 0.999992822563826,
  "dt": 0.1,
  "T": 200,
  "L": 200,
  "N": 20001,
  "init_type": "tanh",
  "t_start": 60,
  "t_end": 180,
  "saved_stride": 150
}