{
  "lambda_val": 5.0,
  "alpha": 0.01,
  "m0": 0.4,
  "wave_speed": 0.8926175897426407,
  "r2": 0.9993872525860257,
  "dt": 0.1,
  "T": 200,
  "L": 200,
  "N": 5001,
  "init_type": "tanh",
  "t_start": 60,
  "t_end": 180,
  "saved_stride": 150
}