{
  "lambda_val": 10,
  "m0": 1,
  "alpha": 0.01,
  "wave_speed": 0.15508073978539744,
  "r2": 0.9999678482002846,
  "m_threshold": 0.5,
  "m_wave_speed": 0.15505509840833726,
  "m_r2": 0.9999938162976302,
  "dt": 0.1,
  "T": 200,
  "L": 200,
  "N": 20001,
  "init_type": "tanh",
  "t_start": 100,
  "t_end": 140,
  "saved_stride": 150
}