{
  "lambda_val": 1,
  "m0": 0.99,
  "alpha": 0.01,
  "wave_speed": 0.2958368428731472,
  "r2": 0.9999272010098079,
  "m_threshold": 0.495,
  "m_wave_speed": 0.2958283206674759,
  "m_r2": 0.99992719507553,
  "dt": 0.1,
  "T": 200,
  "L": 200,
  "N": 20001,
  "init_type": "tanh",
  "t_start": 100,
  "t_end": 140,
  "saved_stride": 150
}