{
  "lambda_val": 5,
  "m0": 1,
  "alpha": 5,
  "wave_speed": 0.14952729997003292,
  "r2": 0.9999914968856698,
  "m_threshold": 0.5,
  "m_wave_speed": 0.01929808262021947,
  "m_r2": 5.564522585469125e-05,
  "dt": 0.1,
  "T": 200,
  "L": 200,
  "N": 20001,
  "init_type": "tanh",
  "t_start": 100,
  "t_end": 140,
  "saved_stride": 150
}