{
  "lambda_val": 1000000.0,
  "m0": 0.6,
  "alpha": 0.001,
  "wave_speed": 0.9599289550550382,
  "r2": 0.9999338729529691,
  "m_threshold": 0.3,
  "m_wave_speed": 0.954532787342882,
  "m_r2": 0.9999685734598847,
  "dt": 0.1,
  "T": 200,
  "L": 200,
  "N": 20001,
  "init_type": "tanh",
  "t_start": 100,
  "t_end": 140,
  "saved_stride": 150
}