{
  "lambda_val": 1.0,
  "alpha": 1.0,
  "m0": 0.9,
  "wave_speed": 0.1927150983595688,
  "r2": 0.9999991202510946,
  "dt": 0.1,
  "T": 200,
  "L": 200,
  "N": 5001,
  "init_type": "tanh",
  "t_start": 60,
  "t_end": 180,
  "saved_stride": 150
}