{
  "lambda_val": 1,
  "m0": 0.4,
  "alpha": 0.05,
  "wave_speed": 0.33392727974462294,
  "r2": 0.9987222876704074,
  "m_threshold": 0.2,
  "m_wave_speed": 0.33752437621112674,
  "m_r2": 0.998693936756788,
  "dt": 0.1,
  "T": 200,
  "L": 200,
  "N": 20001,
  "init_type": "tanh",
  "t_start": 100,
  "t_end": 140,
  "saved_stride": 150
}