{
  "lambda_val": 100,
  "m0": 0.6,
  "alpha": 0.01,
  "wave_speed": 0.7762978576291905,
  "r2": 0.99992631825513,
  "m_threshold": 0.3,
  "m_wave_speed": 0.7713594683388089,
  "m_r2": 0.9999520226425771,
  "dt": 0.1,
  "T": 200,
  "L": 200,
  "N": 20001,
  "init_type": "tanh",
  "t_start": 100,
  "t_end": 140,
  "saved_stride": 150
}