{
  "lambda_val": 10.0,
  "alpha": 0.1,
  "m0": 0.4,
  "wave_speed": 0.26037211047136616,
  "r2": 0.994012571290718,
  "dt": 0.1,
  "T": 200,
  "L": 200,
  "N": 5001,
  "init_type": "tanh",
  "t_start": 60,
  "t_end": 180,
  "saved_stride": 150
}