{
  "lambda_val": 1000,
  "m0": 0.4,
  "alpha": 100,
  "wave_speed": 0.19033712610554432,
  "r2": 0.9999949578049162,
  "m_threshold": 0.2,
  "m_wave_speed": 0.19031085707047574,
  "m_r2": 0.9999949714262106,
  "dt": 0.1,
  "T": 200,
  "L": 200,
  "N": 20001,
  "init_type": "tanh",
  "t_start": 100,
  "t_end": 140,
  "saved_stride": 150
}