{
  "lambda_val": 0.5,
  "alpha": 0.1,
  "m0": 0.3,
  "wave_speed": 0.1785113244155001,
  "r2": 0.994522781642165,
  "dt": 0.1,
  "T": 400,
  "L": 200,
  "N": 20001,
  "init_type": "tanh",
  "steepness": 0.85,
  "perc": 0.4,
  "t_start": 100,
  "t_end": 350,
  "num_points": 250,
  "saved_stride": 150
}