{
  "lambda_val": 5,
  "m0": 0.4,
  "alpha": 0.05,
  "wave_speed": 0.35933405490193243,
  "r2": 0.9980255366190912,
  "m_threshold": 0.2,
  "m_wave_speed": 0.35607119519833874,
  "m_r2": 0.9980173517159856,
  "dt": 0.1,
  "T": 200,
  "L": 200,
  "N": 20001,
  "init_type": "tanh",
  "t_start": 100,
  "t_end": 140,
  "saved_stride": 150
}