{
  "lambda_val": 0.05,
  "m0": 0.4,
  "alpha": 0.01,
  "wave_speed": 0.8273522768934981,
  "r2": 0.9999088351523775,
  "m_threshold": 0.2,
  "m_wave_speed": 0.8569623517932716,
  "m_r2": 0.9999614154373354,
  "dt": 0.1,
  "T": 200,
  "L": 200,
  "N": 20001,
  "init_type": "tanh",
  "t_start": 100,
  "t_end": 140,
  "saved_stride": 150
}