{
  "lambda_val": 1000000.0,
  "m0": 0.95,
  "wave_speed": 0.6760775590563903,
  "r2": 0.9999992657682155,
  "m_threshold": 0.475,
  "m_wave_speed": 0.676031096233912,
  "m_r2": 0.9999991429555588,
  "dt": 0.1,
  "T": 200,
  "L": 200,
  "N": 20001,
  "init_type": "tanh",
  "t_start": 60,
  "t_end": 180,
  "saved_stride": 150
}