{
  "lambda_val": 1,
  "m0": 0.5,
  "alpha": 0.001,
  "wave_speed": 0.9928629552266205,
  "r2": 0.9998824227388293,
  "m_threshold": 0.25,
  "m_wave_speed": 0.9901025930660557,
  "m_r2": 0.9999564317429748,
  "dt": 0.1,
  "T": 200,
  "L": 200,
  "N": 20001,
  "init_type": "tanh",
  "t_start": 100,
  "t_end": 140,
  "saved_stride": 150
}