{
  "lambda_val": 1000000.0,
  "m0": 0.5,
  "alpha": 100000.0,
  "wave_speed": 0.19157077717272533,
  "r2": 0.9999949308223746,
  "m_threshold": 0.25,
  "m_wave_speed": 0.1915462143144248,
  "m_r2": 0.9999948999190172,
  "dt": 0.1,
  "T": 200,
  "L": 200,
  "N": 20001,
  "init_type": "tanh",
  "t_start": 100,
  "t_end": 140,
  "saved_stride": 150
}