{
  "lambda_val": 100,
  "m0": 0.3,
  "alpha": 5,
  "wave_speed": 0.18406834227238203,
  "r2": 0.9999944037862462,
  "m_threshold": 0.15,
  "m_wave_speed": 0.18406641039450225,
  "m_r2": 0.9999941106101886,
  "dt": 0.1,
  "T": 200,
  "L": 200,
  "N": 20001,
  "init_type": "tanh",
  "t_start": 100,
  "t_end": 140,
  "saved_stride": 150
}