{
  "lambda_val": 1000,
  "m0": 0.7,
  "alpha": 100,
  "wave_speed": 0.19034036111327843,
  "r2": 0.9999948435404719,
  "m_threshold": 0.35,
  "m_wave_speed": 0.19031945297488737,
  "m_r2": 0.9999951357056321,
  "dt": 0.1,
  "T": 200,
  "L": 200,
  "N": 20001,
  "init_type": "tanh",
  "t_start": 100,
  "t_end": 140,
  "saved_stride": 150
}