{
  "lambda_val": 0.001,
  "alpha": 1.0,
  "m0": 0.1,
  "wave_speed": 0.12416743686301744,
  "r2": 0.998966687273836,
  "dt": 0.1,
  "T": 200,
  "L": 200,
  "N": 5001,
  "init_type": "tanh",
  "t_start": 60,
  "t_end": 180,
  "saved_stride": 150
}