{
  "lambda_val": 100000.0,
  "m0": 0.95,
  "wave_speed": 0.6761149383991194,
  "r2": 0.9999989830893351,
  "m_threshold": 0.475,
  "m_wave_speed": 0.6759997584285374,
  "m_r2": 0.9999991635092911,
  "dt": 0.1,
  "T": 200,
  "L": 200,
  "N": 20001,
  "init_type": "tanh",
  "t_start": 60,
  "t_end": 180,
  "saved_stride": 150
}