{
  "lambda_val": 5.0,
  "alpha": 0.1,
  "m0": 0.05,
  "wave_speed": 0.2725682025107166,
  "r2": 0.991674012859328,
  "dt": 0.1,
  "T": 200,
  "L": 200,
  "N": 5001,
  "init_type": "tanh",
  "t_start": 60,
  "t_end": 180,
  "saved_stride": 150
}