{
  "lambda_val": 100000.0,
  "m0": 0.95,
  "alpha": 0.05,
  "wave_speed": 0.291958981302074,
  "r2": 0.998007549879406,
  "m_threshold": 0.475,
  "m_wave_speed": 0.2656714016749128,
  "m_r2": 0.9983878131491732,
  "dt": 0.1,
  "T": 200,
  "L": 200,
  "N": 20001,
  "init_type": "tanh",
  "t_start": 100,
  "t_end": 140,
  "saved_stride": 150
}