{
  "lambda_val": 100,
  "m0": 0.7,
  "alpha": 0.001,
  "wave_speed": 0.8978151628302529,
  "r2": 0.9999889159243727,
  "m_threshold": 0.35,
  "m_wave_speed": 0.895637821838737,
  "m_r2": 0.9999864260591743,
  "dt": 0.1,
  "T": 200,
  "L": 200,
  "N": 20001,
  "init_type": "tanh",
  "t_start": 100,
  "t_end": 140,
  "saved_stride": 150
}