{
  "lambda_val": 0.5,
  "alpha": 0.1,
  "m0": 0.5,
  "wave_speed": 0.23554282687679692,
  "r2": 0.9895883980221467,
  "dt": 0.1,
  "T": 200,
  "L": 200,
  "N": 5001,
  "init_type": "tanh",
  "t_start": 60,
  "t_end": 180,
  "saved_stride": 150
}