{
  "lambda_val": 100000.0,
  "m0": 0.5,
  "alpha": 0.01,
  "wave_speed": 0.8284493846560786,
  "r2": 0.9999240953966929,
  "m_threshold": 0.25,
  "m_wave_speed": 0.8139762480257532,
  "m_r2": 0.9999610674789436,
  "dt": 0.1,
  "T": 200,
  "L": 200,
  "N": 20001,
  "init_type": "tanh",
  "t_start": 100,
  "t_end": 140,
  "saved_stride": 150
}