{
  "lambda_val": 5,
  "m0": 0.9,
  "alpha": 0.01,
  "wave_speed": 0.5628949251304358,
  "r2": 0.9999347716744534,
  "m_threshold": 0.45,
  "m_wave_speed": 0.561109388926864,
  "m_r2": 0.9999354003837285,
  "dt": 0.1,
  "T": 200,
  "L": 200,
  "N": 20001,
  "init_type": "tanh",
  "t_start": 100,
  "t_end": 140,
  "saved_stride": 150
}