{
  "lambda_val": 100,
  "m0": 0.5,
  "alpha": 0.001,
  "wave_speed": 0.9912139396869727,
  "r2": 0.9999587602171184,
  "m_threshold": 0.25,
  "m_wave_speed": 0.9898287725005567,
  "m_r2": 0.9999670481650474,
  "dt": 0.1,
  "T": 200,
  "L": 200,
  "N": 20001,
  "init_type": "tanh",
  "t_start": 100,
  "t_end": 140,
  "saved_stride": 150
}