{
  "lambda_val": 10,
  "m0": 0.99,
  "alpha": 1,
  "wave_speed": 0.16143410935483657,
  "r2": 0.9999951761782262,
  "m_threshold": 0.495,
  "m_wave_speed": 0.16142521573578864,
  "m_r2": 0.9999938806486419,
  "dt": 0.1,
  "T": 200,
  "L": 200,
  "N": 20001,
  "init_type": "tanh",
  "t_start": 100,
  "t_end": 140,
  "saved_stride": 150
}