{
  "lambda_val": 0.05,
  "m0": 0.7,
  "wave_speed": 0.9220257421635681,
  "r2": 0.9999918572104802,
  "m_threshold": 0.35,
  "m_wave_speed": 0.9241867322115783,
  "m_r2": 0.9999857096042399,
  "dt": 0.1,
  "T": 200,
  "L": 200,
  "N": 20001,
  "init_type": "tanh",
  "t_start": 60,
  "t_end": 180,
  "saved_stride": 150
}