{
  "lambda_val": 0.05,
  "m0": 0.95,
  "alpha": 0.05,
  "wave_speed": 0.11429928314871066,
  "r2": 0.9989030053935574,
  "m_threshold": 0.475,
  "m_wave_speed": null,
  "m_r2": null,
  "dt": 0.1,
  "T": 200,
  "L": 200,
  "N": 20001,
  "init_type": "tanh",
  "t_start": 100,
  "t_end": 140,
  "saved_stride": 150
}