{
  "lambda_val": 1,
  "m0": 0.2,
  "alpha": 1,
  "wave_speed": 0.13422316317633085,
  "r2": 0.9999836129834985,
  "m_threshold": 0.1,
  "m_wave_speed": null,
  "m_r2": null,
  "dt": 0.1,
  "T": 200,
  "L": 200,
  "N": 20001,
  "init_type": "tanh",
  "t_start": 100,
  "t_end": 140,
  "saved_stride": 150
}