{
  "lambda_val": 10,
  "m0": 0.95,
  "wave_speed": 0.6366306196351315,
  "r2": 0.9999993504141818,
  "m_threshold": 0.475,
  "m_wave_speed": 0.636630614295079,
  "m_r2": 0.9999993504069653,
  "dt": 0.1,
  "T": 200,
  "L": 200,
  "N": 20001,
  "init_type": "tanh",
  "t_start": 60,
  "t_end": 180,
  "saved_stride": 150
}