{
  "lambda_val": 100,
  "m0": 0.7,
  "alpha": 10,
  "wave_speed": 0.18272071423111916,
  "r2": 0.999994722704975,
  "m_threshold": 0.35,
  "m_wave_speed": 0.18271612392606776,
  "m_r2": 0.9999943659975493,
  "dt": 0.1,
  "T": 200,
  "L": 200,
  "N": 20001,
  "init_type": "tanh",
  "t_start": 100,
  "t_end": 140,
  "saved_stride": 150
}