{
  "lambda_val": 1000,
  "m0": 1,
  "alpha": 0.01,
  "wave_speed": 0.16454844505092037,
  "r2": 0.9999950950170964,
  "m_threshold": 0.5,
  "m_wave_speed": 0.16454676796754134,
  "m_r2": 0.9999938050809245,
  "dt": 0.1,
  "T": 200,
  "L": 200,
  "N": 20001,
  "init_type": "tanh",
  "t_start": 100,
  "t_end": 140,
  "saved_stride": 150
}