{
  "lambda_val": 1000000.0,
  "m0": 1,
  "alpha": 0.001,
  "wave_speed": 0.16408223714049622,
  "r2": 0.9999950793987457,
  "m_threshold": 0.5,
  "m_wave_speed": 0.1640887936044724,
  "m_r2": 0.9999936329817525,
  "dt": 0.1,
  "T": 200,
  "L": 200,
  "N": 20001,
  "init_type": "tanh",
  "t_start": 100,
  "t_end": 140,
  "saved_stride": 150
}