{
  "lambda_val": 1000000.0,
  "m0": 0.95,
  "alpha": 100000.0,
  "wave_speed": 0.1915729724612476,
  "r2": 0.9999949195641097,
  "m_threshold": 0.475,
  "m_wave_speed": 0.19155954105928238,
  "m_r2": 0.9999952183848081,
  "dt": 0.1,
  "T": 200,
  "L": 200,
  "N": 20001,
  "init_type": "tanh",
  "t_start": 100,
  "t_end": 140,
  "saved_stride": 150
}