{
  "lambda_val": 100,
  "m0": 0.5,
  "alpha": 0.01,
  "wave_speed": 0.818115100243524,
  "r2": 0.9999359819679916,
  "m_threshold": 0.25,
  "m_wave_speed": 0.8114481674150338,
  "m_r2": 0.9999598269362159,
  "dt": 0.1,
  "T": 200,
  "L": 200,
  "N": 20001,
  "init_type": "tanh",
  "t_start": 100,
  "t_end": 140,
  "saved_stride": 150
}