{
  "lambda_val": 10,
  "m0": 0.8,
  "alpha": 0.01,
  "wave_speed": 0.6603482262931302,
  "r2": 0.9999326553449596,
  "m_threshold": 0.4,
  "m_wave_speed": 0.6573221180854167,
  "m_r2": 0.9999340777685317,
  "dt": 0.1,
  "T": 200,
  "L": 200,
  "N": 20001,
  "init_type": "tanh",
  "t_start": 100,
  "t_end": 140,
  "saved_stride": 150
}