{
  "lambda_val": 0.001,
  "alpha": 0.5,
  "m0": 0.05,
  "wave_speed": 0.1425648348239243,
  "r2": 0.9965362821153052,
  "dt": 0.1,
  "T": 200,
  "L": 200,
  "N": 5001,
  "init_type": "tanh",
  "t_start": 60,
  "t_end": 180,
  "saved_stride": 150
}