{
  "lambda_val": 10,
  "m0": 0.2,
  "alpha": 0.001,
  "wave_speed": 0.8966682769954519,
  "r2": 0.9999607434666243,
  "m_threshold": 0.1,
  "m_wave_speed": null,
  "m_r2": null,
  "dt": 0.1,
  "T": 200,
  "L": 200,
  "N": 20001,
  "init_type": "tanh",
  "t_start": 100,
  "t_end": 140,
  "saved_stride": 150
}