{
  "lambda_val": 1.0,
  "alpha": 0.01,
  "m0": 0.05,
  "wave_speed": 0.9687424895044464,
  "r2": 0.9998249242701729,
  "dt": 0.1,
  "T": 200,
  "L": 200,
  "N": 5001,
  "init_type": "tanh",
  "t_start": 60,
  "t_end": 180,
  "saved_stride": 150
}