{
  "lambda_val": 1000000.0,
  "m0": 0.99,
  "alpha": 100000.0,
  "wave_speed": 0.19157224987728375,
  "r2": 0.9999948482147872,
  "m_threshold": 0.495,
  "m_wave_speed": 0.19155804151438338,
  "m_r2": 0.9999952764067771,
  "dt": 0.1,
  "T": 200,
  "L": 200,
  "N": 20001,
  "init_type": "tanh",
  "t_start": 100,
  "t_end": 140,
  "saved_stride": 150
}