{
  "lambda_val": 0.01,
  "m0": 0.7,
  "alpha": 0.001,
  "wave_speed": 0.8903350527691652,
  "r2": 0.9999734415834752,
  "m_threshold": 0.35,
  "m_wave_speed": 0.8929302523292045,
  "m_r2": 0.9999934800750171,
  "dt": 0.1,
  "T": 200,
  "L": 200,
  "N": 20001,
  "init_type": "tanh",
  "t_start": 100,
  "t_end": 140,
  "saved_stride": 150
}