{
  "lambda_val": 5,
  "m0": 0.1,
  "alpha": 5,
  "wave_speed": 0.14952729996986475,
  "r2": 0.99999149688568,
  "m_threshold": 0.05,
  "m_wave_speed": null,
  "m_r2": null,
  "dt": 0.1,
  "T": 200,
  "L": 200,
  "N": 20001,
  "init_type": "tanh",
  "t_start": 100,
  "t_end": 140,
  "saved_stride": 150
}