{
  "lambda_val": 100,
  "m0": 0.99,
  "alpha": 0.05,
  "wave_speed": 0.21811319290411735,
  "r2": 0.9991984787643405,
  "m_threshold": 0.495,
  "m_wave_speed": 0.21298843183363536,
  "m_r2": 0.9992902552444195,
  "dt": 0.1,
  "T": 200,
  "L": 200,
  "N": 20001,
  "init_type": "tanh",
  "t_start": 100,
  "t_end": 140,
  "saved_stride": 150
}