{
  "lambda_val": 5,
  "m0": 0.95,
  "alpha": 0.05,
  "wave_speed": 0.23540192439429808,
  "r2": 0.998608391010545,
  "m_threshold": 0.475,
  "m_wave_speed": 0.23171344733262042,
  "m_r2": 0.9986313159613469,
  "dt": 0.1,
  "T": 200,
  "L": 200,
  "N": 20001,
  "init_type": "tanh",
  "t_start": 100,
  "t_end": 140,
  "saved_stride": 150
}