{
  "lambda_val": 100,
  "m0": 0.8,
  "alpha": 10,
  "wave_speed": 0.18270788306447208,
  "r2": 0.9999946015740608,
  "m_threshold": 0.4,
  "m_wave_speed": 0.1826853594361535,
  "m_r2": 0.9999952489099249,
  "dt": 0.1,
  "T": 200,
  "L": 200,
  "N": 20001,
  "init_type": "tanh",
  "t_start": 100,
  "t_end": 140,
  "saved_stride": 150
}