{
  "lambda_val": 10,
  "m0": 0.8,
  "alpha": 0.05,
  "wave_speed": 0.31616361539003096,
  "r2": 0.9977120086953354,
  "m_threshold": 0.4,
  "m_wave_speed": 0.30978835339962896,
  "m_r2": 0.9977942023120032,
  "dt": 0.1,
  "T": 200,
  "L": 200,
  "N": 20001,
  "init_type": "tanh",
  "t_start": 100,
  "t_end": 140,
  "saved_stride": 150
}