{
  "lambda_val": 0.1,
  "alpha": 5.0,
  "m0": 0.9,
  "wave_speed": 0.09516016787893845,
  "r2": 0.9999993613280281,
  "dt": 0.1,
  "T": 200,
  "L": 200,
  "N": 5001,
  "init_type": "tanh",
  "t_start": 60,
  "t_end": 180,
  "saved_stride": 150
}