{
  "lambda_val": 5.0,
  "alpha": 0.5,
  "m0": 0.95,
  "wave_speed": 0.2227315426880873,
  "r2": 0.999997160999852,
  "dt": 0.1,
  "T": 200,
  "L": 200,
  "N": 5001,
  "init_type": "tanh",
  "t_start": 60,
  "t_end": 180,
  "saved_stride": 150
}