{
  "lambda_val": 1000000.0,
  "m0": 0.5,
  "wave_speed": 0.9940259709045053,
  "r2": 0.999997004894825,
  "m_threshold": 0.25,
  "m_wave_speed": 0.9937090880988606,
  "m_r2": 0.9999950919703023,
  "dt": 0.1,
  "T": 200,
  "L": 200,
  "N": 20001,
  "init_type": "tanh",
  "t_start": 60,
  "t_end": 180,
  "saved_stride": 150
}