{
  "lambda_val": 100,
  "m0": 0.6,
  "wave_speed": 0.9807511120431134,
  "r2": 0.9999951386089488,
  "m_threshold": 0.3,
  "m_wave_speed": 0.9803384360060867,
  "m_r2": 0.9999961895982221,
  "dt": 0.1,
  "T": 200,
  "L": 200,
  "N": 20001,
  "init_type": "tanh",
  "t_start": 60,
  "t_end": 180,
  "saved_stride": 150
}