{
  "lambda_val": 1000,
  "m0": 0.3,
  "alpha": 0.01,
  "wave_speed": 0.8974279970857227,
  "r2": 0.9999545811387045,
  "m_threshold": 0.15,
  "m_wave_speed": 0.8850638957402275,
  "m_r2": 0.9999494281391347,
  "dt": 0.1,
  "T": 200,
  "L": 200,
  "N": 20001,
  "init_type": "tanh",
  "t_start": 100,
  "t_end": 140,
  "saved_stride": 150
}