{
  "lambda_val": 5.0,
  "alpha": 10.0,
  "m0": 0.95,
  "wave_speed": 0.2241014526059329,
  "r2": 0.9999983075552668,
  "dt": 0.1,
  "T": 200,
  "L": 200,
  "N": 5001,
  "init_type": "tanh",
  "t_start": 60,
  "t_end": 180,
  "saved_stride": 150
}