{
  "lambda_val": 100000.0,
  "m0": 0.9,
  "wave_speed": 0.7455517638995617,
  "r2": 0.9999990807694908,
  "m_threshold": 0.45,
  "m_wave_speed": 0.7455272944451332,
  "m_r2": 0.9999987403453044,
  "dt": 0.1,
  "T": 200,
  "L": 200,
  "N": 20001,
  "init_type": "tanh",
  "t_start": 60,
  "t_end": 180,
  "saved_stride": 150
}