{
  "lambda_val": 1,
  "m0": 0.7,
  "wave_speed": 0.9225678094555793,
  "r2": 0.9999908112805223,
  "m_threshold": 0.35,
  "m_wave_speed": 0.922340845183437,
  "m_r2": 0.9999919356422673,
  "dt": 0.1,
  "T": 200,
  "L": 200,
  "N": 20001,
  "init_type": "tanh",
  "t_start": 60,
  "t_end": 180,
  "saved_stride": 150
}