{
  "lambda_val": 0.001,
  "alpha": 0.001,
  "m0": 0.1,
  "n0": 0.1,
  "wave_speed": 0.7969779987249488,
  "r2": 0.9998902619865325,
  "dt": 0.1,
  "T": 400,
  "L": 200,
  "N": 20001,
  "init_type": "tanh",
  "steepness": 0.85,
  "perc": 0.4,
  "t_start": 100,
  "t_end": 350,
  "num_points": 250,
  "saved_stride": 150
}