{
  "lambda_val": 100,
  "m0": 0.6,
  "alpha": 10,
  "wave_speed": 0.18272387165912315,
  "r2": 0.9999943070611572,
  "m_threshold": 0.3,
  "m_wave_speed": 0.18269565422534473,
  "m_r2": 0.9999950361405525,
  "dt": 0.1,
  "T": 200,
  "L": 200,
  "N": 20001,
  "init_type": "tanh",
  "t_start": 100,
  "t_end": 140,
  "saved_stride": 150
}