{
  "lambda_val": 10,
  "m0": 0.95,
  "alpha": 5,
  "wave_speed": 0.15941774828394645,
  "r2": 0.9999948736286158,
  "m_threshold": 0.475,
  "m_wave_speed": 0.1594130588840673,
  "m_r2": 0.9999939556013714,
  "dt": 0.1,
  "T": 200,
  "L": 200,
  "N": 20001,
  "init_type": "tanh",
  "t_start": 100,
  "t_end": 140,
  "saved_stride": 150
}