{
  "lambda_val": 0.001,
  "m0": 0.8,
  "wave_speed": 0.8077570281204679,
  "r2": 0.9999732439377277,
  "m_threshold": 0.4,
  "m_wave_speed": null,
  "m_r2": null,
  "dt": 0.1,
  "T": 200,
  "L": 200,
  "N": 20001,
  "init_type": "tanh",
  "t_start": 60,
  "t_end": 180,
  "saved_stride": 150
}