{
  "lambda_val": 5,
  "m0": 0.8,
  "wave_speed": 0.8188980297480999,
  "r2": 0.9999827231591756,
  "m_threshold": 0.4,
  "m_wave_speed": 0.8184122502937524,
  "m_r2": 0.9999848448244999,
  "dt": 0.1,
  "T": 200,
  "L": 200,
  "N": 20001,
  "init_type": "tanh",
  "t_start": 60,
  "t_end": 180,
  "saved_stride": 150
}