{
  "lambda_val": 100.0,
  "alpha": 0.001,
  "m0": 0.05,
  "wave_speed": 0.7264811388502388,
  "r2": 0.9996069057292137,
  "dt": 0.1,
  "T": 400,
  "L": 200,
  "N": 20001,
  "init_type": "tanh",
  "steepness": 0.85,
  "perc": 0.4,
  "t_start": 100,
  "t_end": 350,
  "num_points": 250,
  "saved_stride": 150
}