{
  "lambda_val": 0.001,
  "alpha": 0.01,
  "m0": 0.8,
  "wave_speed": 0.5367507517039761,
  "r2": 0.9956745258137316,
  "dt": 0.1,
  "T": 200,
  "L": 200,
  "N": 5001,
  "init_type": "tanh",
  "t_start": 60,
  "t_end": 180,
  "saved_stride": 150
}