{
  "lambda_val": 100,
  "m0": 0.99,
  "alpha": 5,
  "wave_speed": 0.18406603624224455,
  "r2": 0.9999943147406715,
  "m_threshold": 0.495,
  "m_wave_speed": 0.1841018984687386,
  "m_r2": 0.9999946474635192,
  "dt": 0.1,
  "T": 200,
  "L": 200,
  "N": 20001,
  "init_type": "tanh",
  "t_start": 100,
  "t_end": 140,
  "saved_stride": 150
}