{
  "lambda_val": 1,
  "m0": 0.7,
  "alpha": 0.01,
  "wave_speed": 0.6389814071728855,
  "r2": 0.9996250701618105,
  "m_threshold": 0.35,
  "m_wave_speed": 0.6386304354299019,
  "m_r2": 0.9996290617123484,
  "dt": 0.1,
  "T": 200,
  "L": 200,
  "N": 20001,
  "init_type": "tanh",
  "t_start": 100,
  "t_end": 140,
  "saved_stride": 150
}