{
  "lambda_val": 10,
  "m0": 0.6,
  "alpha": 0.05,
  "wave_speed": 0.35934661518688643,
  "r2": 0.9978610159194328,
  "m_threshold": 0.3,
  "m_wave_speed": 0.3526901317466492,
  "m_r2": 0.9978084811212952,
  "dt": 0.1,
  "T": 200,
  "L": 200,
  "N": 20001,
  "init_type": "tanh",
  "t_start": 100,
  "t_end": 140,
  "saved_stride": 150
}