{
  "lambda_val": 0.05,
  "m0": 0.5,
  "wave_speed": 1.0006582477868706,
  "r2": 0.999995503676168,
  "m_threshold": 0.25,
  "m_wave_speed": 1.0019619897675922,
  "m_r2": 0.9999959337983159,
  "dt": 0.1,
  "T": 200,
  "L": 200,
  "N": 20001,
  "init_type": "tanh",
  "t_start": 60,
  "t_end": 180,
  "saved_stride": 150
}