{
  "lambda_val": 10,
  "m0": 0.8,
  "alpha": 1,
  "wave_speed": 0.16141396777795694,
  "r2": 0.9999952896507938,
  "m_threshold": 0.4,
  "m_wave_speed": 0.16141948191242225,
  "m_r2": 0.9999936486977004,
  "dt": 0.1,
  "T": 200,
  "L": 200,
  "N": 20001,
  "init_type": "tanh",
  "t_start": 100,
  "t_end": 140,
  "saved_stride": 150
}