{
  "lambda_val": 1000,
  "m0": 0.99,
  "wave_speed": 0.5472987578449179,
  "r2": 0.9999993504063538,
  "m_threshold": 0.495,
  "m_wave_speed": 0.5472987577348684,
  "m_r2": 0.9999993504063147,
  "dt": 0.1,
  "T": 200,
  "L": 200,
  "N": 20001,
  "init_type": "tanh",
  "t_start": 60,
  "t_end": 180,
  "saved_stride": 150
}