{
  "lambda_val": 1000,
  "m0": 0.3,
  "alpha": 100,
  "wave_speed": 0.19033770727096977,
  "r2": 0.9999949340655592,
  "m_threshold": 0.15,
  "m_wave_speed": 0.19033374407486572,
  "m_r2": 0.9999932426452625,
  "dt": 0.1,
  "T": 200,
  "L": 200,
  "N": 20001,
  "init_type": "tanh",
  "t_start": 100,
  "t_end": 140,
  "saved_stride": 150
}