{
  "lambda_val": 10,
  "m0": 1,
  "alpha": 0.001,
  "wave_speed": 0.15471058521805592,
  "r2": 0.9999950754020377,
  "m_threshold": 0.5,
  "m_wave_speed": 0.15470130032670995,
  "m_r2": 0.9999938351180206,
  "dt": 0.1,
  "T": 200,
  "L": 200,
  "N": 20001,
  "init_type": "tanh",
  "t_start": 100,
  "t_end": 140,
  "saved_stride": 150
}