{
  "lambda_val": 100,
  "m0": 0.5,
  "alpha": 100,
  "wave_speed": 0.16365566165988343,
  "r2": 0.9999954288144856,
  "m_threshold": 0.25,
  "m_wave_speed": null,
  "m_r2": null,
  "dt": 0.1,
  "T": 200,
  "L": 200,
  "N": 20001,
  "init_type": "tanh",
  "t_start": 100,
  "t_end": 140,
  "saved_stride": 150
}