{
  "lambda_val": 5,
  "m0": 1,
  "wave_speed": 0.1498765289796616,
  "r2": 0.9999955101222813,
  "m_threshold": 0.5,
  "m_wave_speed": 0.14993415705030544,
  "m_r2": 0.9999992639614341,
  "dt": 0.1,
  "T": 200,
  "L": 200,
  "N": 20001,
  "init_type": "tanh",
  "t_start": 60,
  "t_end": 180,
  "saved_stride": 150
}